stage,camera_model,camera_short,route,fps,resolution,complete,frame,psnr_masked,ssim_masked,lpips_masked
sts,SIMPLE_RADIAL,SR,A,2,720p,True,matrix_full_pipe:00000.jpg,22.767062026956424,0.7861888408660889,0.21866834163665771
sts,SIMPLE_RADIAL,SR,A,2,720p,True,matrix_full_pipe:00008.jpg,25.605717909793245,0.8913511037826538,0.09196668863296509
sts,SIMPLE_RADIAL,SR,A,2,720p,True,matrix_full_pipe:00016.jpg,22.37020994524962,0.8133670091629028,0.03821063041687012
sts,SIMPLE_RADIAL,SR,A,2,720p,True,matrix_full_pipe:00024.jpg,31.29184562561903,0.8647838830947876,0.14033707976341248
sts,SIMPLE_RADIAL,SR,A,2,720p,True,matrix_full_pipe:00032.jpg,29.530180205782166,0.8674379587173462,0.04491143301129341
sts,SIMPLE_RADIAL,SR,A,2,720p,True,matrix_full_pipe:00040.jpg,31.30423703334592,0.9135751724243164,0.0417419895529747
sts,SIMPLE_RADIAL,SR,A,2,720p,True,matrix_full_pipe:00048.jpg,29.505090805574163,0.883482038974762,0.17698414623737335
sts,SIMPLE_RADIAL,SR,A,2,720p,True,matrix_full_pipe:00056.jpg,20.586786508089464,0.6814033389091492,0.2476910948753357
sts,SIMPLE_RADIAL,SR,A,2,720p,True,matrix_full_pipe:00064.jpg,19.52490072770704,0.733619213104248,0.1007445901632309
sts,SIMPLE_RADIAL,SR,A,2,720p,True,matrix_full_pipe:00072.jpg,28.538925287258706,0.8600502014160156,0.07779331505298615
sts,SIMPLE_RADIAL,SR,A,2,720p,True,matrix_full_pipe:00080.jpg,25.612026027036517,0.8296617269515991,0.09963130205869675
sts,SIMPLE_RADIAL,SR,A,2,720p,True,matrix_full_pipe:00088.jpg,29.421461486577293,0.8585484027862549,0.18373966217041016
sts,SIMPLE_RADIAL,SR,A,2,720p,True,matrix_repeat_20260812:00000.jpg,22.26344035006221,0.7884643077850342,0.22533538937568665
sts,SIMPLE_RADIAL,SR,A,2,720p,True,matrix_repeat_20260812:00008.jpg,25.676339263026073,0.8832821249961853,0.09148253500461578
sts,SIMPLE_RADIAL,SR,A,2,720p,True,matrix_repeat_20260812:00016.jpg,19.92226626362228,0.8024027943611145,0.040195658802986145
sts,SIMPLE_RADIAL,SR,A,2,720p,True,matrix_repeat_20260812:00024.jpg,31.503441450980304,0.8640928268432617,0.1488645374774933
sts,SIMPLE_RADIAL,SR,A,2,720p,True,matrix_repeat_20260812:00032.jpg,28.777396452564634,0.8723797798156738,0.04692203551530838
sts,SIMPLE_RADIAL,SR,A,2,720p,True,matrix_repeat_20260812:00040.jpg,30.435940748744077,0.9082179069519043,0.04366765171289444
sts,SIMPLE_RADIAL,SR,A,2,720p,True,matrix_repeat_20260812:00048.jpg,29.40678553645762,0.8787108659744263,0.1741420179605484
sts,SIMPLE_RADIAL,SR,A,2,720p,True,matrix_repeat_20260812:00056.jpg,22.22533038237207,0.7202003598213196,0.24336786568164825
sts,SIMPLE_RADIAL,SR,A,2,720p,True,matrix_repeat_20260812:00064.jpg,22.36202081099885,0.7884196043014526,0.0859377384185791
sts,SIMPLE_RADIAL,SR,A,2,720p,True,matrix_repeat_20260812:00072.jpg,28.897879820351307,0.8514114618301392,0.08205626159906387
sts,SIMPLE_RADIAL,SR,A,2,720p,True,matrix_repeat_20260812:00080.jpg,26.31551472039896,0.8374265432357788,0.09889907389879227
sts,SIMPLE_RADIAL,SR,A,2,720p,True,matrix_repeat_20260812:00088.jpg,29.430362756861893,0.8550664186477661,0.1865113079547882
sts,SIMPLE_RADIAL,SR,A,2,720p,True,matrix_repeat_20260812:00000.jpg,22.710702334700112,0.798395574092865,0.23530906438827515
sts,SIMPLE_RADIAL,SR,A,2,720p,True,matrix_repeat_20260812:00008.jpg,25.660342408866043,0.8825417757034302,0.0947694480419159
sts,SIMPLE_RADIAL,SR,A,2,720p,True,matrix_repeat_20260812:00016.jpg,21.757640255823922,0.8125173449516296,0.03742387145757675
sts,SIMPLE_RADIAL,SR,A,2,720p,True,matrix_repeat_20260812:00024.jpg,31.253925135540513,0.8623830676078796,0.14649266004562378
sts,SIMPLE_RADIAL,SR,A,2,720p,True,matrix_repeat_20260812:00032.jpg,29.767209916974892,0.8816941976547241,0.04558054730296135
sts,SIMPLE_RADIAL,SR,A,2,720p,True,matrix_repeat_20260812:00040.jpg,31.394936890910405,0.9056927561759949,0.041947949677705765
sts,SIMPLE_RADIAL,SR,A,2,720p,True,matrix_repeat_20260812:00048.jpg,30.87369432222495,0.8916844129562378,0.15814927220344543
sts,SIMPLE_RADIAL,SR,A,2,720p,True,matrix_repeat_20260812:00056.jpg,22.22475584496175,0.728999674320221,0.24313929677009583
sts,SIMPLE_RADIAL,SR,A,2,720p,True,matrix_repeat_20260812:00064.jpg,22.517375654720546,0.7837084531784058,0.08800707757472992
sts,SIMPLE_RADIAL,SR,A,2,720p,True,matrix_repeat_20260812:00072.jpg,27.34290669967209,0.8532091975212097,0.08153125643730164
sts,SIMPLE_RADIAL,SR,A,2,720p,True,matrix_repeat_20260812:00080.jpg,25.986743238336103,0.8235694766044617,0.0995827466249466
sts,SIMPLE_RADIAL,SR,A,2,720p,True,matrix_repeat_20260812:00088.jpg,29.278262145504456,0.8586735725402832,0.1849372386932373
sts,SIMPLE_RADIAL,SR,A,2,qhd,True,matrix_repeat_20260812:00000.jpg,27.034300768567313,0.9126831889152527,0.15547499060630798
sts,SIMPLE_RADIAL,SR,A,2,qhd,True,matrix_repeat_20260812:00008.jpg,25.514531613306186,0.8987264633178711,0.028128309175372124
sts,SIMPLE_RADIAL,SR,A,2,qhd,True,matrix_repeat_20260812:00016.jpg,23.945719798735766,0.8510242700576782,0.03340951353311539
sts,SIMPLE_RADIAL,SR,A,2,qhd,True,matrix_repeat_20260812:00024.jpg,31.664045115551662,0.8791849613189697,0.12324627488851547
sts,SIMPLE_RADIAL,SR,A,2,qhd,True,matrix_repeat_20260812:00032.jpg,30.188193929119016,0.8828054070472717,0.03515782952308655
sts,SIMPLE_RADIAL,SR,A,2,qhd,True,matrix_repeat_20260812:00040.jpg,32.1369557094268,0.9294106960296631,0.04033315181732178
sts,SIMPLE_RADIAL,SR,A,2,qhd,True,matrix_repeat_20260812:00048.jpg,31.32284475345161,0.9148639440536499,0.1410841941833496
sts,SIMPLE_RADIAL,SR,A,2,qhd,True,matrix_repeat_20260812:00058.jpg,15.711735862681017,0.39967814087867737,0.26438188552856445
sts,SIMPLE_RADIAL,SR,A,2,qhd,True,matrix_repeat_20260812:00066.jpg,23.33485032339602,0.8538500070571899,0.07491138577461243
sts,SIMPLE_RADIAL,SR,A,2,qhd,True,matrix_repeat_20260812:00074.jpg,28.075849659838944,0.8877080678939819,0.03423604741692543
sts,SIMPLE_RADIAL,SR,A,2,qhd,True,matrix_repeat_20260812:00082.jpg,29.726898600788147,0.8828299641609192,0.05589107424020767
sts,SIMPLE_RADIAL,SR,A,2,qhd,True,matrix_repeat_20260812:00090.jpg,27.77140346737432,0.8322381973266602,0.21095281839370728
sts,SIMPLE_RADIAL,SR,A,2,qhd,True,matrix_repeat_20260812:00000.jpg,28.22048834634888,0.9151654243469238,0.1459890902042389
sts,SIMPLE_RADIAL,SR,A,2,qhd,True,matrix_repeat_20260812:00008.jpg,25.139141408214968,0.8966258764266968,0.029867084696888924
sts,SIMPLE_RADIAL,SR,A,2,qhd,True,matrix_repeat_20260812:00016.jpg,23.40858169130498,0.8427486419677734,0.03438752889633179
sts,SIMPLE_RADIAL,SR,A,2,qhd,True,matrix_repeat_20260812:00024.jpg,31.32444526865816,0.8770045638084412,0.12545335292816162
sts,SIMPLE_RADIAL,SR,A,2,qhd,True,matrix_repeat_20260812:00032.jpg,29.987918462895117,0.8811364769935608,0.03635484725236893
sts,SIMPLE_RADIAL,SR,A,2,qhd,True,matrix_repeat_20260812:00040.jpg,32.25529056210573,0.9329992532730103,0.04018598422408104
sts,SIMPLE_RADIAL,SR,A,2,qhd,True,matrix_repeat_20260812:00048.jpg,31.44866134578924,0.9142979383468628,0.14013749361038208
sts,SIMPLE_RADIAL,SR,A,2,qhd,True,matrix_repeat_20260812:00058.jpg,15.795361180089449,0.4015839993953705,0.255476176738739
sts,SIMPLE_RADIAL,SR,A,2,qhd,True,matrix_repeat_20260812:00066.jpg,23.242876023889725,0.8594339489936829,0.07300163805484772
sts,SIMPLE_RADIAL,SR,A,2,qhd,True,matrix_repeat_20260812:00074.jpg,28.226272855323117,0.8877346515655518,0.033497393131256104
sts,SIMPLE_RADIAL,SR,A,2,qhd,True,matrix_repeat_20260812:00082.jpg,29.63234220218098,0.8738476634025574,0.056596964597702026
sts,SIMPLE_RADIAL,SR,A,2,qhd,True,matrix_repeat_20260812:00090.jpg,27.29001014978198,0.8252464532852173,0.1995231658220291
sts,SIMPLE_RADIAL,SR,A,2,low,True,matrix_repeat_20260812:00000.jpg,28.147597092546597,0.9449552893638611,0.12358961999416351
sts,SIMPLE_RADIAL,SR,A,2,low,True,matrix_repeat_20260812:00008.jpg,24.762930060171534,0.9229913353919983,0.05836440622806549
sts,SIMPLE_RADIAL,SR,A,2,low,True,matrix_repeat_20260812:00016.jpg,23.920621690638868,0.866877019405365,0.03527934476733208
sts,SIMPLE_RADIAL,SR,A,2,low,True,matrix_repeat_20260812:00024.jpg,31.599931882512813,0.8881335258483887,0.11283732950687408
sts,SIMPLE_RADIAL,SR,A,2,low,True,matrix_repeat_20260812:00032.jpg,29.975413137641823,0.8915010094642639,0.02577093243598938
sts,SIMPLE_RADIAL,SR,A,2,low,True,matrix_repeat_20260812:00040.jpg,32.87438809266072,0.9505260586738586,0.031135786324739456
sts,SIMPLE_RADIAL,SR,A,2,low,True,matrix_repeat_20260812:00048.jpg,31.759271438062967,0.947992205619812,0.11497288942337036
sts,SIMPLE_RADIAL,SR,A,2,low,True,matrix_repeat_20260812:00058.jpg,17.646052686064028,0.46447524428367615,0.22873042523860931
sts,SIMPLE_RADIAL,SR,A,2,low,True,matrix_repeat_20260812:00066.jpg,23.500431986149746,0.8926121592521667,0.03659079968929291
sts,SIMPLE_RADIAL,SR,A,2,low,True,matrix_repeat_20260812:00074.jpg,28.094514311031226,0.9090274572372437,0.027911555022001266
sts,SIMPLE_RADIAL,SR,A,2,low,True,matrix_repeat_20260812:00082.jpg,30.083863907169444,0.8782759308815002,0.11411367356777191
sts,SIMPLE_RADIAL,SR,A,2,low,True,matrix_repeat_20260812:00090.jpg,28.03455233459468,0.8108781576156616,0.16202718019485474
sts,SIMPLE_RADIAL,SR,A,2,low,True,matrix_repeat_20260812:00000.jpg,27.845467245712975,0.9465873837471008,0.10953644663095474
sts,SIMPLE_RADIAL,SR,A,2,low,True,matrix_repeat_20260812:00008.jpg,24.66195555119902,0.9189738035202026,0.060664091259241104
sts,SIMPLE_RADIAL,SR,A,2,low,True,matrix_repeat_20260812:00016.jpg,21.790018668928166,0.8704656958580017,0.033517733216285706
sts,SIMPLE_RADIAL,SR,A,2,low,True,matrix_repeat_20260812:00024.jpg,31.367040996447308,0.8876093029975891,0.12320825457572937
sts,SIMPLE_RADIAL,SR,A,2,low,True,matrix_repeat_20260812:00032.jpg,29.636058765921813,0.8782861828804016,0.028148440644145012
sts,SIMPLE_RADIAL,SR,A,2,low,True,matrix_repeat_20260812:00040.jpg,32.67632566959818,0.9500085115432739,0.031090930104255676
sts,SIMPLE_RADIAL,SR,A,2,low,True,matrix_repeat_20260812:00048.jpg,31.56381379367876,0.9459643959999084,0.12225357443094254
sts,SIMPLE_RADIAL,SR,A,2,low,True,matrix_repeat_20260812:00058.jpg,17.614570722599392,0.4652216136455536,0.2237563133239746
sts,SIMPLE_RADIAL,SR,A,2,low,True,matrix_repeat_20260812:00066.jpg,23.2682905257135,0.8854578137397766,0.03838218376040459
sts,SIMPLE_RADIAL,SR,A,2,low,True,matrix_repeat_20260812:00074.jpg,28.310991818662984,0.9070206880569458,0.029628735035657883
sts,SIMPLE_RADIAL,SR,A,2,low,True,matrix_repeat_20260812:00082.jpg,30.1343894545517,0.8864874839782715,0.11261765658855438
sts,SIMPLE_RADIAL,SR,A,2,low,True,matrix_repeat_20260812:00090.jpg,27.97984594078196,0.8179682493209839,0.15899133682250977
sts,SIMPLE_RADIAL,SR,A,5,720p,True,matrix_full_pipe:00000.jpg,27.106408688878876,0.8854555487632751,0.15528619289398193
sts,SIMPLE_RADIAL,SR,A,5,720p,True,matrix_full_pipe:00008.jpg,28.354874122453655,0.9170418977737427,0.1671411395072937
sts,SIMPLE_RADIAL,SR,A,5,720p,True,matrix_full_pipe:00016.jpg,27.936379302574174,0.8933752179145813,0.14106632769107819
sts,SIMPLE_RADIAL,SR,A,5,720p,True,matrix_full_pipe:00024.jpg,27.599806955883327,0.8994940519332886,0.1612224131822586
sts,SIMPLE_RADIAL,SR,A,5,720p,True,matrix_full_pipe:00032.jpg,27.40283026262056,0.9238461256027222,0.08217975497245789
sts,SIMPLE_RADIAL,SR,A,5,720p,True,matrix_full_pipe:00040.jpg,26.745176357403295,0.8797546029090881,0.03616755083203316
sts,SIMPLE_RADIAL,SR,A,5,720p,True,matrix_full_pipe:00048.jpg,28.260858085226154,0.8434578776359558,0.04271726310253143
sts,SIMPLE_RADIAL,SR,A,5,720p,True,matrix_full_pipe:00056.jpg,29.166081360602803,0.9136524796485901,0.08153906464576721
sts,SIMPLE_RADIAL,SR,A,5,720p,True,matrix_full_pipe:00064.jpg,30.741661197618978,0.8997523188591003,0.14349493384361267
sts,SIMPLE_RADIAL,SR,A,5,720p,True,matrix_full_pipe:00072.jpg,29.408070902499787,0.8769383430480957,0.1404472142457962
sts,SIMPLE_RADIAL,SR,A,5,720p,True,matrix_full_pipe:00080.jpg,23.703950629528457,0.7384651303291321,0.07346761971712112
sts,SIMPLE_RADIAL,SR,A,5,720p,True,matrix_full_pipe:00088.jpg,32.44573414434201,0.9009777307510376,0.13187718391418457
sts,SIMPLE_RADIAL,SR,A,5,720p,True,matrix_full_pipe:00096.jpg,31.27366348745404,0.9268620610237122,0.04020753502845764
sts,SIMPLE_RADIAL,SR,A,5,720p,True,matrix_full_pipe:00104.jpg,32.40951159246524,0.9115421772003174,0.038571178913116455
sts,SIMPLE_RADIAL,SR,A,5,720p,True,matrix_full_pipe:00112.jpg,30.15131295698542,0.9279395341873169,0.11271076649427414
sts,SIMPLE_RADIAL,SR,A,5,720p,True,matrix_full_pipe:00120.jpg,31.59288555878247,0.9046350717544556,0.18858309090137482
sts,SIMPLE_RADIAL,SR,A,5,720p,True,matrix_full_pipe:00128.jpg,30.807840333306622,0.8899587988853455,0.20524312555789948
sts,SIMPLE_RADIAL,SR,A,5,720p,True,matrix_full_pipe:00136.jpg,27.67718302817255,0.8824130296707153,0.22049462795257568
sts,SIMPLE_RADIAL,SR,A,5,720p,True,matrix_full_pipe:00144.jpg,29.639717553530613,0.9075900316238403,0.1812605857849121
sts,SIMPLE_RADIAL,SR,A,5,720p,True,matrix_full_pipe:00152.jpg,30.388870991551947,0.9009615778923035,0.10020378232002258
sts,SIMPLE_RADIAL,SR,A,5,720p,True,matrix_full_pipe:00160.jpg,26.86892195701339,0.9191012978553772,0.07381060719490051
sts,SIMPLE_RADIAL,SR,A,5,720p,True,matrix_full_pipe:00168.jpg,28.019885790004267,0.9103229641914368,0.0641787052154541
sts,SIMPLE_RADIAL,SR,A,5,720p,True,matrix_full_pipe:00176.jpg,32.80203199471882,0.922222375869751,0.07275211811065674
sts,SIMPLE_RADIAL,SR,A,5,720p,True,matrix_full_pipe:00184.jpg,30.206650199202798,0.9131516814231873,0.07640592753887177
sts,SIMPLE_RADIAL,SR,A,5,720p,True,matrix_full_pipe:00192.jpg,29.990058733491356,0.9016900062561035,0.12589982151985168
sts,SIMPLE_RADIAL,SR,A,5,720p,True,matrix_full_pipe:00200.jpg,29.75837721362081,0.89727383852005,0.06301270425319672
sts,SIMPLE_RADIAL,SR,A,5,720p,True,matrix_full_pipe:00208.jpg,33.068073338150036,0.9154520630836487,0.17203007638454437
sts,SIMPLE_RADIAL,SR,A,5,720p,True,matrix_full_pipe:00216.jpg,29.890088217842884,0.894029438495636,0.199883833527565
sts,SIMPLE_RADIAL,SR,A,5,720p,True,matrix_full_pipe:00224.jpg,32.196468924671045,0.8972653746604919,0.20322352647781372
sts,SIMPLE_RADIAL,SR,A,5,720p,True,matrix_full_pipe:00232.jpg,26.8784604556653,0.8476518392562866,0.2164531648159027
sts,SIMPLE_RADIAL,SR,A,5,720p,True,matrix_repeat_20260812:00000.jpg,27.40100210384559,0.8879801630973816,0.15897086262702942
sts,SIMPLE_RADIAL,SR,A,5,720p,True,matrix_repeat_20260812:00008.jpg,28.335151625429372,0.9175294041633606,0.1668875813484192
sts,SIMPLE_RADIAL,SR,A,5,720p,True,matrix_repeat_20260812:00016.jpg,28.036888708445154,0.8930126428604126,0.1394110918045044
sts,SIMPLE_RADIAL,SR,A,5,720p,True,matrix_repeat_20260812:00024.jpg,27.56734281966649,0.9012810587882996,0.1613076627254486
sts,SIMPLE_RADIAL,SR,A,5,720p,True,matrix_repeat_20260812:00032.jpg,26.90745926997821,0.9224741458892822,0.07915003597736359
sts,SIMPLE_RADIAL,SR,A,5,720p,True,matrix_repeat_20260812:00040.jpg,27.31349672321139,0.8858888745307922,0.03517322614789009
sts,SIMPLE_RADIAL,SR,A,5,720p,True,matrix_repeat_20260812:00048.jpg,28.215422821453696,0.8476347327232361,0.04234955459833145
sts,SIMPLE_RADIAL,SR,A,5,720p,True,matrix_repeat_20260812:00056.jpg,28.49180266459203,0.9117814898490906,0.0807647556066513
sts,SIMPLE_RADIAL,SR,A,5,720p,True,matrix_repeat_20260812:00064.jpg,31.17304610051264,0.9169247150421143,0.1395026594400406
sts,SIMPLE_RADIAL,SR,A,5,720p,True,matrix_repeat_20260812:00072.jpg,30.635009447589375,0.9033350944519043,0.11096464097499847
sts,SIMPLE_RADIAL,SR,A,5,720p,True,matrix_repeat_20260812:00080.jpg,23.96907496645825,0.7514693737030029,0.0724944993853569
sts,SIMPLE_RADIAL,SR,A,5,720p,True,matrix_repeat_20260812:00088.jpg,32.30015582659841,0.9002126455307007,0.13276898860931396
sts,SIMPLE_RADIAL,SR,A,5,720p,True,matrix_repeat_20260812:00096.jpg,32.015036987034634,0.9288001656532288,0.041021622717380524
sts,SIMPLE_RADIAL,SR,A,5,720p,True,matrix_repeat_20260812:00104.jpg,32.384649720209154,0.9134750366210938,0.039115309715270996
sts,SIMPLE_RADIAL,SR,A,5,720p,True,matrix_repeat_20260812:00112.jpg,30.337721895118406,0.9253679513931274,0.116747185587883
sts,SIMPLE_RADIAL,SR,A,5,720p,True,matrix_repeat_20260812:00120.jpg,31.729148765102163,0.90312659740448,0.18494004011154175
sts,SIMPLE_RADIAL,SR,A,5,720p,True,matrix_repeat_20260812:00128.jpg,30.41271070595014,0.8860917687416077,0.2108219563961029
sts,SIMPLE_RADIAL,SR,A,5,720p,True,matrix_repeat_20260812:00136.jpg,26.790968013727067,0.8672987222671509,0.22846022248268127
sts,SIMPLE_RADIAL,SR,A,5,720p,True,matrix_repeat_20260812:00144.jpg,30.154111500855,0.9141014814376831,0.1797533631324768
sts,SIMPLE_RADIAL,SR,A,5,720p,True,matrix_repeat_20260812:00152.jpg,30.343269926052486,0.8972297310829163,0.09769374132156372
sts,SIMPLE_RADIAL,SR,A,5,720p,True,matrix_repeat_20260812:00160.jpg,27.224379064517116,0.9182655215263367,0.07208983600139618
sts,SIMPLE_RADIAL,SR,A,5,720p,True,matrix_repeat_20260812:00168.jpg,27.743878072300106,0.9101519584655762,0.06317736208438873
sts,SIMPLE_RADIAL,SR,A,5,720p,True,matrix_repeat_20260812:00176.jpg,32.73004727348669,0.9255244135856628,0.07135740667581558
sts,SIMPLE_RADIAL,SR,A,5,720p,True,matrix_repeat_20260812:00184.jpg,30.26154083976886,0.9135971665382385,0.0764765590429306
sts,SIMPLE_RADIAL,SR,A,5,720p,True,matrix_repeat_20260812:00192.jpg,29.64638114909754,0.8977709412574768,0.12073568999767303
sts,SIMPLE_RADIAL,SR,A,5,720p,True,matrix_repeat_20260812:00200.jpg,29.628031033591245,0.8964750170707703,0.06195467710494995
sts,SIMPLE_RADIAL,SR,A,5,720p,True,matrix_repeat_20260812:00208.jpg,33.05972177356399,0.9201499223709106,0.16555407643318176
sts,SIMPLE_RADIAL,SR,A,5,720p,True,matrix_repeat_20260812:00216.jpg,28.003534029053654,0.8845306634902954,0.20335188508033752
sts,SIMPLE_RADIAL,SR,A,5,720p,True,matrix_repeat_20260812:00224.jpg,32.34005137272153,0.897763729095459,0.2055731862783432
sts,SIMPLE_RADIAL,SR,A,5,720p,True,matrix_repeat_20260812:00232.jpg,27.789845558209034,0.8608132004737854,0.21306908130645752
sts,SIMPLE_RADIAL,SR,A,5,720p,True,matrix_repeat_20260812:00000.jpg,27.27704028565907,0.8871223330497742,0.1539844423532486
sts,SIMPLE_RADIAL,SR,A,5,720p,True,matrix_repeat_20260812:00008.jpg,28.260816757831527,0.9157174825668335,0.17276813089847565
sts,SIMPLE_RADIAL,SR,A,5,720p,True,matrix_repeat_20260812:00016.jpg,27.966209633196975,0.8949781060218811,0.13864915072917938
sts,SIMPLE_RADIAL,SR,A,5,720p,True,matrix_repeat_20260812:00024.jpg,27.571948295964972,0.9014708995819092,0.15887480974197388
sts,SIMPLE_RADIAL,SR,A,5,720p,True,matrix_repeat_20260812:00032.jpg,27.07330211325889,0.9271498322486877,0.0827164277434349
sts,SIMPLE_RADIAL,SR,A,5,720p,True,matrix_repeat_20260812:00040.jpg,27.534299615811708,0.8885596394538879,0.03266168013215065
sts,SIMPLE_RADIAL,SR,A,5,720p,True,matrix_repeat_20260812:00048.jpg,28.241556340870616,0.8431908488273621,0.040847502648830414
sts,SIMPLE_RADIAL,SR,A,5,720p,True,matrix_repeat_20260812:00056.jpg,28.646669281886922,0.91496342420578,0.0785907655954361
sts,SIMPLE_RADIAL,SR,A,5,720p,True,matrix_repeat_20260812:00064.jpg,30.452676375058477,0.9092176556587219,0.14045803248882294
sts,SIMPLE_RADIAL,SR,A,5,720p,True,matrix_repeat_20260812:00072.jpg,31.449516112243522,0.8995415568351746,0.12499625980854034
sts,SIMPLE_RADIAL,SR,A,5,720p,True,matrix_repeat_20260812:00080.jpg,23.77480488227559,0.7413210272789001,0.07608718425035477
sts,SIMPLE_RADIAL,SR,A,5,720p,True,matrix_repeat_20260812:00088.jpg,31.47068724073017,0.8967416882514954,0.1367776095867157
sts,SIMPLE_RADIAL,SR,A,5,720p,True,matrix_repeat_20260812:00096.jpg,31.947917285496526,0.9273393750190735,0.04060658812522888
sts,SIMPLE_RADIAL,SR,A,5,720p,True,matrix_repeat_20260812:00104.jpg,32.24888684370103,0.9137668609619141,0.03730027377605438
sts,SIMPLE_RADIAL,SR,A,5,720p,True,matrix_repeat_20260812:00112.jpg,30.92647408130017,0.9296010732650757,0.11151903867721558
sts,SIMPLE_RADIAL,SR,A,5,720p,True,matrix_repeat_20260812:00120.jpg,31.789346860570227,0.9049783945083618,0.18063963949680328
sts,SIMPLE_RADIAL,SR,A,5,720p,True,matrix_repeat_20260812:00128.jpg,30.091091277337615,0.8894771337509155,0.20561523735523224
sts,SIMPLE_RADIAL,SR,A,5,720p,True,matrix_repeat_20260812:00136.jpg,24.770448974215768,0.8563137650489807,0.2459844946861267
sts,SIMPLE_RADIAL,SR,A,5,720p,True,matrix_repeat_20260812:00144.jpg,29.81607742381925,0.9075589776039124,0.18350814282894135
sts,SIMPLE_RADIAL,SR,A,5,720p,True,matrix_repeat_20260812:00152.jpg,30.18065438622221,0.9007458686828613,0.10289021581411362
sts,SIMPLE_RADIAL,SR,A,5,720p,True,matrix_repeat_20260812:00160.jpg,24.816229291333762,0.9097851514816284,0.0779954195022583
sts,SIMPLE_RADIAL,SR,A,5,720p,True,matrix_repeat_20260812:00168.jpg,27.221232961121977,0.9099792838096619,0.06326720863580704
sts,SIMPLE_RADIAL,SR,A,5,720p,True,matrix_repeat_20260812:00176.jpg,32.6659210495713,0.927158772945404,0.07126722484827042
sts,SIMPLE_RADIAL,SR,A,5,720p,True,matrix_repeat_20260812:00184.jpg,30.517617706007414,0.9196421504020691,0.072693832218647
sts,SIMPLE_RADIAL,SR,A,5,720p,True,matrix_repeat_20260812:00192.jpg,30.030382291492064,0.9043716788291931,0.11859971284866333
sts,SIMPLE_RADIAL,SR,A,5,720p,True,matrix_repeat_20260812:00200.jpg,29.832959495342536,0.8992051482200623,0.06410204619169235
sts,SIMPLE_RADIAL,SR,A,5,720p,True,matrix_repeat_20260812:00208.jpg,32.58672074859095,0.9177416563034058,0.17434044182300568
sts,SIMPLE_RADIAL,SR,A,5,720p,True,matrix_repeat_20260812:00216.jpg,29.46530333189182,0.8966104388237,0.20086535811424255
sts,SIMPLE_RADIAL,SR,A,5,720p,True,matrix_repeat_20260812:00224.jpg,32.02172885223521,0.8972523212432861,0.20407608151435852
sts,SIMPLE_RADIAL,SR,A,5,720p,True,matrix_repeat_20260812:00232.jpg,27.070130909491045,0.8614965081214905,0.21290317177772522
sts,SIMPLE_RADIAL,SR,A,5,qhd,True,matrix_full_pipe:00000.jpg,22.936811782811173,0.8327255845069885,0.21119382977485657
sts,SIMPLE_RADIAL,SR,A,5,qhd,True,matrix_full_pipe:00008.jpg,26.435188541523935,0.8971563577651978,0.14957359433174133
sts,SIMPLE_RADIAL,SR,A,5,qhd,True,matrix_full_pipe:00016.jpg,26.217656025861245,0.900479257106781,0.1392822563648224
sts,SIMPLE_RADIAL,SR,A,5,qhd,True,matrix_full_pipe:00024.jpg,26.465345814046746,0.8961223363876343,0.16362687945365906
sts,SIMPLE_RADIAL,SR,A,5,qhd,True,matrix_full_pipe:00032.jpg,24.60670184483226,0.9253100752830505,0.08209472894668579
sts,SIMPLE_RADIAL,SR,A,5,qhd,True,matrix_full_pipe:00040.jpg,27.188017286519,0.9016965627670288,0.031391605734825134
sts,SIMPLE_RADIAL,SR,A,5,qhd,True,matrix_full_pipe:00048.jpg,27.939355774687947,0.867854118347168,0.04121779277920723
sts,SIMPLE_RADIAL,SR,A,5,qhd,True,matrix_full_pipe:00056.jpg,28.914690776869847,0.9193649291992188,0.10769666731357574
sts,SIMPLE_RADIAL,SR,A,5,qhd,True,matrix_full_pipe:00064.jpg,31.264580082685956,0.9252771139144897,0.11361518502235413
sts,SIMPLE_RADIAL,SR,A,5,qhd,True,matrix_full_pipe:00072.jpg,30.83888761342569,0.9204327464103699,0.10017787665128708
sts,SIMPLE_RADIAL,SR,A,5,qhd,True,matrix_full_pipe:00080.jpg,24.51829530215821,0.7276667356491089,0.06524191796779633
sts,SIMPLE_RADIAL,SR,A,5,qhd,True,matrix_full_pipe:00088.jpg,32.65742591759877,0.9120351076126099,0.11351391673088074
sts,SIMPLE_RADIAL,SR,A,5,qhd,True,matrix_full_pipe:00096.jpg,31.97536621153189,0.9401583075523376,0.03040681779384613
sts,SIMPLE_RADIAL,SR,A,5,qhd,True,matrix_full_pipe:00104.jpg,30.414382049854648,0.9069852828979492,0.040464382618665695
sts,SIMPLE_RADIAL,SR,A,5,qhd,True,matrix_full_pipe:00112.jpg,29.60488532081822,0.9186586141586304,0.11497295647859573
sts,SIMPLE_RADIAL,SR,A,5,qhd,True,matrix_full_pipe:00120.jpg,31.20557461166343,0.9202606678009033,0.17678922414779663
sts,SIMPLE_RADIAL,SR,A,5,qhd,True,matrix_full_pipe:00128.jpg,30.93788723866833,0.9214364290237427,0.14705029129981995
sts,SIMPLE_RADIAL,SR,A,5,qhd,True,matrix_full_pipe:00136.jpg,25.927672880970945,0.8672634363174438,0.18495017290115356
sts,SIMPLE_RADIAL,SR,A,5,qhd,True,matrix_full_pipe:00144.jpg,16.504965677562403,0.5999426245689392,0.2510541081428528
sts,SIMPLE_RADIAL,SR,A,5,qhd,True,matrix_full_pipe:00152.jpg,26.069164449135464,0.8331019282341003,0.10850267112255096
sts,SIMPLE_RADIAL,SR,A,5,qhd,True,matrix_full_pipe:00160.jpg,25.652494223355852,0.8990135788917542,0.07445211708545685
sts,SIMPLE_RADIAL,SR,A,5,qhd,True,matrix_full_pipe:00168.jpg,27.553788489927875,0.9179051518440247,0.06682966649532318
sts,SIMPLE_RADIAL,SR,A,5,qhd,True,matrix_full_pipe:00176.jpg,32.5340847912102,0.9392390847206116,0.07028228789567947
sts,SIMPLE_RADIAL,SR,A,5,qhd,True,matrix_full_pipe:00184.jpg,31.031870767415075,0.9342824220657349,0.07376812398433685
sts,SIMPLE_RADIAL,SR,A,5,qhd,True,matrix_full_pipe:00192.jpg,28.209491710092692,0.8781457543373108,0.1447896510362625
sts,SIMPLE_RADIAL,SR,A,5,qhd,True,matrix_full_pipe:00200.jpg,30.35326862847599,0.90422123670578,0.07748795300722122
sts,SIMPLE_RADIAL,SR,A,5,qhd,True,matrix_full_pipe:00208.jpg,33.25338152844436,0.9162048697471619,0.1636698991060257
sts,SIMPLE_RADIAL,SR,A,5,qhd,True,matrix_full_pipe:00216.jpg,28.86196093770048,0.8940578103065491,0.1678178310394287
sts,SIMPLE_RADIAL,SR,A,5,qhd,True,matrix_full_pipe:00224.jpg,32.407870589110466,0.896783173084259,0.17378993332386017
sts,SIMPLE_RADIAL,SR,A,5,qhd,True,matrix_full_pipe:00232.jpg,26.496269008553547,0.8324332237243652,0.19246158003807068
sts,SIMPLE_RADIAL,SR,A,5,qhd,True,matrix_repeat_20260812:00000.jpg,23.326594413391785,0.8267350792884827,0.22142228484153748
sts,SIMPLE_RADIAL,SR,A,5,qhd,True,matrix_repeat_20260812:00008.jpg,26.518416712301686,0.8993579745292664,0.15521812438964844
sts,SIMPLE_RADIAL,SR,A,5,qhd,True,matrix_repeat_20260812:00016.jpg,26.130866466730836,0.9028130173683167,0.14211753010749817
sts,SIMPLE_RADIAL,SR,A,5,qhd,True,matrix_repeat_20260812:00024.jpg,26.248400633506847,0.8983845114707947,0.15931758284568787
sts,SIMPLE_RADIAL,SR,A,5,qhd,True,matrix_repeat_20260812:00032.jpg,26.433360491651978,0.937881350517273,0.08077903091907501
sts,SIMPLE_RADIAL,SR,A,5,qhd,True,matrix_repeat_20260812:00040.jpg,27.634625988186915,0.9053077697753906,0.03273053467273712
sts,SIMPLE_RADIAL,SR,A,5,qhd,True,matrix_repeat_20260812:00048.jpg,28.014452471015517,0.8712603449821472,0.040383242070674896
sts,SIMPLE_RADIAL,SR,A,5,qhd,True,matrix_repeat_20260812:00056.jpg,28.849687849085768,0.9186869263648987,0.10442143678665161
sts,SIMPLE_RADIAL,SR,A,5,qhd,True,matrix_repeat_20260812:00064.jpg,31.06095482662367,0.9244493842124939,0.11391402781009674
sts,SIMPLE_RADIAL,SR,A,5,qhd,True,matrix_repeat_20260812:00072.jpg,31.174717575515444,0.9248061776161194,0.09311768412590027
sts,SIMPLE_RADIAL,SR,A,5,qhd,True,matrix_repeat_20260812:00080.jpg,24.251184657866997,0.7158443927764893,0.06441021710634232
sts,SIMPLE_RADIAL,SR,A,5,qhd,True,matrix_repeat_20260812:00088.jpg,32.85530213614567,0.9158872365951538,0.11143392324447632
sts,SIMPLE_RADIAL,SR,A,5,qhd,True,matrix_repeat_20260812:00096.jpg,31.433999841973336,0.9390211701393127,0.03229239583015442
sts,SIMPLE_RADIAL,SR,A,5,qhd,True,matrix_repeat_20260812:00104.jpg,30.51127861555209,0.9065489768981934,0.03980432078242302
sts,SIMPLE_RADIAL,SR,A,5,qhd,True,matrix_repeat_20260812:00112.jpg,29.58091650656961,0.9212740063667297,0.12145401537418365
sts,SIMPLE_RADIAL,SR,A,5,qhd,True,matrix_repeat_20260812:00120.jpg,31.722095007825327,0.9225274324417114,0.17532701790332794
sts,SIMPLE_RADIAL,SR,A,5,qhd,True,matrix_repeat_20260812:00128.jpg,30.38950471219879,0.9171022772789001,0.1487417370080948
sts,SIMPLE_RADIAL,SR,A,5,qhd,True,matrix_repeat_20260812:00136.jpg,25.78438730594315,0.8639307022094727,0.2015049159526825
sts,SIMPLE_RADIAL,SR,A,5,qhd,True,matrix_repeat_20260812:00144.jpg,18.086553457284335,0.6332554817199707,0.2489505559206009
sts,SIMPLE_RADIAL,SR,A,5,qhd,True,matrix_repeat_20260812:00154.jpg,23.031404631770958,0.8747214078903198,0.041447076946496964
sts,SIMPLE_RADIAL,SR,A,5,qhd,True,matrix_repeat_20260812:00162.jpg,25.8278538954346,0.8928585052490234,0.0762045681476593
sts,SIMPLE_RADIAL,SR,A,5,qhd,True,matrix_repeat_20260812:00170.jpg,28.534109141307123,0.9197838306427002,0.08380487561225891
sts,SIMPLE_RADIAL,SR,A,5,qhd,True,matrix_repeat_20260812:00178.jpg,31.869937799699137,0.9441596865653992,0.06169387698173523
sts,SIMPLE_RADIAL,SR,A,5,qhd,True,matrix_repeat_20260812:00186.jpg,32.58401629396157,0.946199893951416,0.08021305501461029
sts,SIMPLE_RADIAL,SR,A,5,qhd,True,matrix_repeat_20260812:00194.jpg,27.276994911823177,0.851539671421051,0.18553298711776733
sts,SIMPLE_RADIAL,SR,A,5,qhd,True,matrix_repeat_20260812:00202.jpg,29.509690725929886,0.8874288201332092,0.08861884474754333
sts,SIMPLE_RADIAL,SR,A,5,qhd,True,matrix_repeat_20260812:00210.jpg,35.41785148486118,0.9381080865859985,0.14390750229358673
sts,SIMPLE_RADIAL,SR,A,5,qhd,True,matrix_repeat_20260812:00218.jpg,28.38034011355511,0.8906860947608948,0.11612766236066818
sts,SIMPLE_RADIAL,SR,A,5,qhd,True,matrix_repeat_20260812:00226.jpg,31.621238849036637,0.8870370984077454,0.19097577035427094
sts,SIMPLE_RADIAL,SR,A,5,qhd,True,matrix_repeat_20260812:00234.jpg,25.673849263985367,0.8188238143920898,0.2209530472755432
sts,SIMPLE_RADIAL,SR,A,5,qhd,True,matrix_repeat_20260812:00000.jpg,23.582850011961366,0.8427202105522156,0.20006507635116577
sts,SIMPLE_RADIAL,SR,A,5,qhd,True,matrix_repeat_20260812:00008.jpg,26.81373884389479,0.9027283191680908,0.15017332136631012
sts,SIMPLE_RADIAL,SR,A,5,qhd,True,matrix_repeat_20260812:00016.jpg,25.36025493687692,0.8986502289772034,0.1430525779724121
sts,SIMPLE_RADIAL,SR,A,5,qhd,True,matrix_repeat_20260812:00024.jpg,26.11451328325701,0.8979954719543457,0.1675371527671814
sts,SIMPLE_RADIAL,SR,A,5,qhd,True,matrix_repeat_20260812:00032.jpg,25.238964966513073,0.9272028803825378,0.08250413835048676
sts,SIMPLE_RADIAL,SR,A,5,qhd,True,matrix_repeat_20260812:00040.jpg,26.223097686277235,0.8952950239181519,0.03664826601743698
sts,SIMPLE_RADIAL,SR,A,5,qhd,True,matrix_repeat_20260812:00048.jpg,28.02559673639388,0.8695995211601257,0.04051534831523895
sts,SIMPLE_RADIAL,SR,A,5,qhd,True,matrix_repeat_20260812:00056.jpg,28.867861183762017,0.9191151261329651,0.10678976774215698
sts,SIMPLE_RADIAL,SR,A,5,qhd,True,matrix_repeat_20260812:00064.jpg,29.755844316917592,0.9141324162483215,0.11818494647741318
sts,SIMPLE_RADIAL,SR,A,5,qhd,True,matrix_repeat_20260812:00072.jpg,31.806692923029537,0.9246994256973267,0.09731409698724747
sts,SIMPLE_RADIAL,SR,A,5,qhd,True,matrix_repeat_20260812:00080.jpg,24.83146510691501,0.7292287349700928,0.0666632205247879
sts,SIMPLE_RADIAL,SR,A,5,qhd,True,matrix_repeat_20260812:00088.jpg,31.899539661269664,0.9113990664482117,0.11160199344158173
sts,SIMPLE_RADIAL,SR,A,5,qhd,True,matrix_repeat_20260812:00096.jpg,30.53903774024079,0.9311339855194092,0.03252192214131355
sts,SIMPLE_RADIAL,SR,A,5,qhd,True,matrix_repeat_20260812:00104.jpg,30.14730288293245,0.9055721163749695,0.03982311114668846
sts,SIMPLE_RADIAL,SR,A,5,qhd,True,matrix_repeat_20260812:00112.jpg,29.72723807542303,0.919605553150177,0.12062157690525055
sts,SIMPLE_RADIAL,SR,A,5,qhd,True,matrix_repeat_20260812:00120.jpg,30.78950416294245,0.9193884134292603,0.18044623732566833
sts,SIMPLE_RADIAL,SR,A,5,qhd,True,matrix_repeat_20260812:00128.jpg,30.124538242055596,0.9165647029876709,0.16257822513580322
sts,SIMPLE_RADIAL,SR,A,5,qhd,True,matrix_repeat_20260812:00136.jpg,25.910795004097203,0.8720272779464722,0.1835513412952423
sts,SIMPLE_RADIAL,SR,A,5,qhd,True,matrix_repeat_20260812:00144.jpg,18.551036259487283,0.6318010687828064,0.25825679302215576
sts,SIMPLE_RADIAL,SR,A,5,qhd,True,matrix_repeat_20260812:00154.jpg,23.183446123607784,0.8742452263832092,0.040030673146247864
sts,SIMPLE_RADIAL,SR,A,5,qhd,True,matrix_repeat_20260812:00162.jpg,21.21706483526546,0.8739256858825684,0.07984425127506256
sts,SIMPLE_RADIAL,SR,A,5,qhd,True,matrix_repeat_20260812:00170.jpg,28.438194125883744,0.9150236248970032,0.08706100285053253
sts,SIMPLE_RADIAL,SR,A,5,qhd,True,matrix_repeat_20260812:00178.jpg,32.05058117382892,0.9475774168968201,0.06414306908845901
sts,SIMPLE_RADIAL,SR,A,5,qhd,True,matrix_repeat_20260812:00186.jpg,32.64333345820548,0.9476959705352783,0.07801268249750137
sts,SIMPLE_RADIAL,SR,A,5,qhd,True,matrix_repeat_20260812:00194.jpg,27.295018570796703,0.8511219620704651,0.18431109189987183
sts,SIMPLE_RADIAL,SR,A,5,qhd,True,matrix_repeat_20260812:00202.jpg,29.566028459608447,0.8872011303901672,0.09177137911319733
sts,SIMPLE_RADIAL,SR,A,5,qhd,True,matrix_repeat_20260812:00210.jpg,35.04930740685619,0.9381510615348816,0.14751365780830383
sts,SIMPLE_RADIAL,SR,A,5,qhd,True,matrix_repeat_20260812:00218.jpg,29.201178837999862,0.8986709713935852,0.1141749918460846
sts,SIMPLE_RADIAL,SR,A,5,qhd,True,matrix_repeat_20260812:00226.jpg,31.916212211078484,0.887108564376831,0.181061789393425
sts,SIMPLE_RADIAL,SR,A,5,qhd,True,matrix_repeat_20260812:00234.jpg,25.208501908733382,0.8073760271072388,0.22216972708702087
sts,SIMPLE_RADIAL,SR,A,5,low,True,matrix_full_pipe:00000.jpg,27.755064427025992,0.9410423636436462,0.10122379660606384
sts,SIMPLE_RADIAL,SR,A,5,low,True,matrix_full_pipe:00008.jpg,28.691229249270744,0.9593197703361511,0.10339362919330597
sts,SIMPLE_RADIAL,SR,A,5,low,True,matrix_full_pipe:00016.jpg,28.013732381952657,0.9515030384063721,0.09660091996192932
sts,SIMPLE_RADIAL,SR,A,5,low,True,matrix_full_pipe:00024.jpg,27.768168782282654,0.9523671865463257,0.11089122295379639
sts,SIMPLE_RADIAL,SR,A,5,low,True,matrix_full_pipe:00032.jpg,27.230826156968103,0.9626266360282898,0.06130018085241318
sts,SIMPLE_RADIAL,SR,A,5,low,True,matrix_full_pipe:00040.jpg,28.10686850957879,0.9383912682533264,0.025211665779352188
sts,SIMPLE_RADIAL,SR,A,5,low,True,matrix_full_pipe:00048.jpg,29.722917570862975,0.9316840767860413,0.028821591287851334
sts,SIMPLE_RADIAL,SR,A,5,low,True,matrix_full_pipe:00056.jpg,29.519765628036417,0.9448605179786682,0.07644935697317123
sts,SIMPLE_RADIAL,SR,A,5,low,True,matrix_full_pipe:00064.jpg,30.615789407455246,0.9374319911003113,0.09223170578479767
sts,SIMPLE_RADIAL,SR,A,5,low,True,matrix_full_pipe:00072.jpg,30.31593720743508,0.9318147301673889,0.08979196101427078
sts,SIMPLE_RADIAL,SR,A,5,low,True,matrix_full_pipe:00080.jpg,24.748744408862102,0.7216643691062927,0.055270858108997345
sts,SIMPLE_RADIAL,SR,A,5,low,True,matrix_full_pipe:00088.jpg,33.24016219195969,0.9308003783226013,0.08386930823326111
sts,SIMPLE_RADIAL,SR,A,5,low,True,matrix_full_pipe:00096.jpg,32.43462997078097,0.9445354342460632,0.023152291774749756
sts,SIMPLE_RADIAL,SR,A,5,low,True,matrix_full_pipe:00104.jpg,32.7578579078756,0.937444806098938,0.0289313867688179
sts,SIMPLE_RADIAL,SR,A,5,low,True,matrix_full_pipe:00112.jpg,30.653182979962015,0.9582154154777527,0.09421932697296143
sts,SIMPLE_RADIAL,SR,A,5,low,True,matrix_full_pipe:00120.jpg,32.187479473921016,0.9530484676361084,0.12955284118652344
sts,SIMPLE_RADIAL,SR,A,5,low,True,matrix_full_pipe:00128.jpg,31.586415208175424,0.9552636742591858,0.12279443442821503
sts,SIMPLE_RADIAL,SR,A,5,low,True,matrix_full_pipe:00136.jpg,27.012316323327695,0.9292659163475037,0.13511136174201965
sts,SIMPLE_RADIAL,SR,A,5,low,True,matrix_full_pipe:00144.jpg,29.897609757117387,0.9450767636299133,0.12078048288822174
sts,SIMPLE_RADIAL,SR,A,5,low,True,matrix_full_pipe:00152.jpg,30.802404634444137,0.9448588490486145,0.07196125388145447
sts,SIMPLE_RADIAL,SR,A,5,low,True,matrix_full_pipe:00160.jpg,26.634352490829833,0.944412112236023,0.06316060572862625
sts,SIMPLE_RADIAL,SR,A,5,low,True,matrix_full_pipe:00168.jpg,26.90461208583079,0.9378120303153992,0.051666129380464554
sts,SIMPLE_RADIAL,SR,A,5,low,True,matrix_full_pipe:00176.jpg,32.91761938261312,0.9595764875411987,0.04218059778213501
sts,SIMPLE_RADIAL,SR,A,5,low,True,matrix_full_pipe:00184.jpg,30.594136817367886,0.9585812091827393,0.040407150983810425
sts,SIMPLE_RADIAL,SR,A,5,low,True,matrix_full_pipe:00192.jpg,31.13671166879793,0.9431978464126587,0.030178245157003403
sts,SIMPLE_RADIAL,SR,A,5,low,True,matrix_full_pipe:00200.jpg,30.475449324810707,0.9132658839225769,0.0528976246714592
sts,SIMPLE_RADIAL,SR,A,5,low,True,matrix_full_pipe:00208.jpg,33.00661509149559,0.9287088513374329,0.11447135359048843
sts,SIMPLE_RADIAL,SR,A,5,low,True,matrix_full_pipe:00216.jpg,28.91688749334781,0.8954225182533264,0.12666872143745422
sts,SIMPLE_RADIAL,SR,A,5,low,True,matrix_full_pipe:00224.jpg,32.29830843088752,0.903774619102478,0.14685070514678955
sts,SIMPLE_RADIAL,SR,A,5,low,True,matrix_full_pipe:00232.jpg,27.72319301761334,0.8311716318130493,0.14488138258457184
sts,SIMPLE_RADIAL,SR,A,5,low,True,matrix_repeat_20260812:00000.jpg,27.678050243988302,0.941430926322937,0.09813283383846283
sts,SIMPLE_RADIAL,SR,A,5,low,True,matrix_repeat_20260812:00008.jpg,28.50869383641918,0.9588639140129089,0.10018260776996613
sts,SIMPLE_RADIAL,SR,A,5,low,True,matrix_repeat_20260812:00016.jpg,28.24088223334309,0.9529818296432495,0.09566505253314972
sts,SIMPLE_RADIAL,SR,A,5,low,True,matrix_repeat_20260812:00024.jpg,27.527182570098496,0.947499692440033,0.11366470158100128
sts,SIMPLE_RADIAL,SR,A,5,low,True,matrix_repeat_20260812:00032.jpg,26.915401668613907,0.9623110890388489,0.06505200266838074
sts,SIMPLE_RADIAL,SR,A,5,low,True,matrix_repeat_20260812:00040.jpg,28.28780955587453,0.9426286220550537,0.026210475713014603
sts,SIMPLE_RADIAL,SR,A,5,low,True,matrix_repeat_20260812:00048.jpg,30.0096545569814,0.9316759705543518,0.029521256685256958
sts,SIMPLE_RADIAL,SR,A,5,low,True,matrix_repeat_20260812:00056.jpg,29.451980308157797,0.945358395576477,0.07411341369152069
sts,SIMPLE_RADIAL,SR,A,5,low,True,matrix_repeat_20260812:00064.jpg,30.798365131655142,0.9350469708442688,0.09031973034143448
sts,SIMPLE_RADIAL,SR,A,5,low,True,matrix_repeat_20260812:00072.jpg,31.36832877839059,0.9408150911331177,0.07424329221248627
sts,SIMPLE_RADIAL,SR,A,5,low,True,matrix_repeat_20260812:00080.jpg,24.874757409863495,0.7379644513130188,0.05387955158948898
sts,SIMPLE_RADIAL,SR,A,5,low,True,matrix_repeat_20260812:00088.jpg,33.01409532052255,0.9193971157073975,0.09240007400512695
sts,SIMPLE_RADIAL,SR,A,5,low,True,matrix_repeat_20260812:00096.jpg,32.09725951059216,0.941539466381073,0.021603524684906006
sts,SIMPLE_RADIAL,SR,A,5,low,True,matrix_repeat_20260812:00104.jpg,32.561596101565954,0.9380956888198853,0.03070027008652687
sts,SIMPLE_RADIAL,SR,A,5,low,True,matrix_repeat_20260812:00112.jpg,30.454149305756015,0.9600964188575745,0.09021088480949402
sts,SIMPLE_RADIAL,SR,A,5,low,True,matrix_repeat_20260812:00120.jpg,32.716759877416756,0.9550455212593079,0.13113467395305634
sts,SIMPLE_RADIAL,SR,A,5,low,True,matrix_repeat_20260812:00128.jpg,30.752209270238072,0.9553000330924988,0.12770789861679077
sts,SIMPLE_RADIAL,SR,A,5,low,True,matrix_repeat_20260812:00136.jpg,27.23251454538356,0.9296761751174927,0.1366414874792099
sts,SIMPLE_RADIAL,SR,A,5,low,True,matrix_repeat_20260812:00144.jpg,30.66095915106739,0.9471318125724792,0.12088809907436371
sts,SIMPLE_RADIAL,SR,A,5,low,True,matrix_repeat_20260812:00152.jpg,30.728489086517484,0.9424095749855042,0.06964796781539917
sts,SIMPLE_RADIAL,SR,A,5,low,True,matrix_repeat_20260812:00160.jpg,26.96551035674631,0.9445239901542664,0.06327763199806213
sts,SIMPLE_RADIAL,SR,A,5,low,True,matrix_repeat_20260812:00168.jpg,27.59224523158036,0.9431481957435608,0.04849471151828766
sts,SIMPLE_RADIAL,SR,A,5,low,True,matrix_repeat_20260812:00176.jpg,33.438535156187214,0.9617032408714294,0.0434446856379509
sts,SIMPLE_RADIAL,SR,A,5,low,True,matrix_repeat_20260812:00184.jpg,30.48962119827472,0.9590996503829956,0.03914160281419754
sts,SIMPLE_RADIAL,SR,A,5,low,True,matrix_repeat_20260812:00192.jpg,31.004124582416882,0.9446482062339783,0.028627827763557434
sts,SIMPLE_RADIAL,SR,A,5,low,True,matrix_repeat_20260812:00200.jpg,30.381224422097418,0.9118925333023071,0.05373288691043854
sts,SIMPLE_RADIAL,SR,A,5,low,True,matrix_repeat_20260812:00208.jpg,33.05412381802483,0.9284658432006836,0.11255830526351929
sts,SIMPLE_RADIAL,SR,A,5,low,True,matrix_repeat_20260812:00216.jpg,28.974499451499327,0.9035494923591614,0.12432533502578735
sts,SIMPLE_RADIAL,SR,A,5,low,True,matrix_repeat_20260812:00224.jpg,32.14048624075632,0.9073663353919983,0.14685207605361938
sts,SIMPLE_RADIAL,SR,A,5,low,True,matrix_repeat_20260812:00232.jpg,27.564058901787266,0.8387541770935059,0.13685685396194458
sts,SIMPLE_RADIAL,SR,A,5,low,True,matrix_repeat_20260812:00000.jpg,27.774394638746955,0.940162181854248,0.09518738090991974
sts,SIMPLE_RADIAL,SR,A,5,low,True,matrix_repeat_20260812:00008.jpg,28.32487279855939,0.9583179354667664,0.09496362507343292
sts,SIMPLE_RADIAL,SR,A,5,low,True,matrix_repeat_20260812:00016.jpg,28.249157488918076,0.9524282813072205,0.09676623344421387
sts,SIMPLE_RADIAL,SR,A,5,low,True,matrix_repeat_20260812:00024.jpg,27.00442720023649,0.9452376961708069,0.12171320617198944
sts,SIMPLE_RADIAL,SR,A,5,low,True,matrix_repeat_20260812:00032.jpg,26.925868367164632,0.9618362784385681,0.0649678185582161
sts,SIMPLE_RADIAL,SR,A,5,low,True,matrix_repeat_20260812:00040.jpg,27.82373537108122,0.9397034645080566,0.026786692440509796
sts,SIMPLE_RADIAL,SR,A,5,low,True,matrix_repeat_20260812:00048.jpg,30.05478839702716,0.9336089491844177,0.02847660519182682
sts,SIMPLE_RADIAL,SR,A,5,low,True,matrix_repeat_20260812:00056.jpg,29.717194209287527,0.9463568329811096,0.06686922162771225
sts,SIMPLE_RADIAL,SR,A,5,low,True,matrix_repeat_20260812:00064.jpg,29.976337255749833,0.9318411350250244,0.09130405634641647
sts,SIMPLE_RADIAL,SR,A,5,low,True,matrix_repeat_20260812:00072.jpg,29.50206882237897,0.91420578956604,0.09023258090019226
sts,SIMPLE_RADIAL,SR,A,5,low,True,matrix_repeat_20260812:00080.jpg,25.91485496926572,0.746300995349884,0.05332915484905243
sts,SIMPLE_RADIAL,SR,A,5,low,True,matrix_repeat_20260812:00088.jpg,32.78584105814448,0.9257059693336487,0.08945073187351227
sts,SIMPLE_RADIAL,SR,A,5,low,True,matrix_repeat_20260812:00096.jpg,32.73647838931792,0.9454954862594604,0.020916128531098366
sts,SIMPLE_RADIAL,SR,A,5,low,True,matrix_repeat_20260812:00104.jpg,32.98927489624115,0.943910539150238,0.02828936278820038
sts,SIMPLE_RADIAL,SR,A,5,low,True,matrix_repeat_20260812:00112.jpg,30.835096531857058,0.9594721794128418,0.0958036482334137
sts,SIMPLE_RADIAL,SR,A,5,low,True,matrix_repeat_20260812:00120.jpg,32.795528164860286,0.9570775032043457,0.12746191024780273
sts,SIMPLE_RADIAL,SR,A,5,low,True,matrix_repeat_20260812:00128.jpg,31.98146695353789,0.9553312659263611,0.12222409248352051
sts,SIMPLE_RADIAL,SR,A,5,low,True,matrix_repeat_20260812:00136.jpg,26.78645940364718,0.9246237277984619,0.14112241566181183
sts,SIMPLE_RADIAL,SR,A,5,low,True,matrix_repeat_20260812:00144.jpg,30.10804974765826,0.9391146898269653,0.1175500899553299
sts,SIMPLE_RADIAL,SR,A,5,low,True,matrix_repeat_20260812:00152.jpg,30.2900332720842,0.9441628456115723,0.06255339086055756
sts,SIMPLE_RADIAL,SR,A,5,low,True,matrix_repeat_20260812:00160.jpg,26.61276310477614,0.940450131893158,0.060706619173288345
sts,SIMPLE_RADIAL,SR,A,5,low,True,matrix_repeat_20260812:00168.jpg,27.749932754479126,0.9413267374038696,0.05217141658067703
sts,SIMPLE_RADIAL,SR,A,5,low,True,matrix_repeat_20260812:00176.jpg,33.23443764324761,0.9612354040145874,0.04053783416748047
sts,SIMPLE_RADIAL,SR,A,5,low,True,matrix_repeat_20260812:00184.jpg,30.526100510261056,0.9591795206069946,0.03827919811010361
sts,SIMPLE_RADIAL,SR,A,5,low,True,matrix_repeat_20260812:00192.jpg,30.98187841368727,0.9411033987998962,0.030733969062566757
sts,SIMPLE_RADIAL,SR,A,5,low,True,matrix_repeat_20260812:00200.jpg,30.2483305928242,0.9121263027191162,0.05391111969947815
sts,SIMPLE_RADIAL,SR,A,5,low,True,matrix_repeat_20260812:00208.jpg,33.01322402883127,0.9316531419754028,0.11455788463354111
sts,SIMPLE_RADIAL,SR,A,5,low,True,matrix_repeat_20260812:00216.jpg,29.41389510256051,0.9022966623306274,0.12405188381671906
sts,SIMPLE_RADIAL,SR,A,5,low,True,matrix_repeat_20260812:00224.jpg,32.42745556990861,0.9125996232032776,0.1390354186296463
sts,SIMPLE_RADIAL,SR,A,5,low,True,matrix_repeat_20260812:00232.jpg,27.710263159094875,0.8389888405799866,0.1429787278175354
sts,OPENCV,OPENCV,A,2,720p,True,matrix_rest:00000.jpg,23.91625748778821,0.8204166889190674,0.22345274686813354
sts,OPENCV,OPENCV,A,2,720p,True,matrix_rest:00008.jpg,25.718107779639055,0.8922711610794067,0.08693286776542664
sts,OPENCV,OPENCV,A,2,720p,True,matrix_rest:00016.jpg,23.127448830783447,0.8012345433235168,0.039850518107414246
sts,OPENCV,OPENCV,A,2,720p,True,matrix_rest:00024.jpg,30.760702535790916,0.8334566950798035,0.16244086623191833
sts,OPENCV,OPENCV,A,2,720p,True,matrix_rest:00032.jpg,28.610568415623163,0.8447766304016113,0.05158396065235138
sts,OPENCV,OPENCV,A,2,720p,True,matrix_rest:00040.jpg,29.06217700688812,0.8881280422210693,0.04422353208065033
sts,OPENCV,OPENCV,A,2,720p,True,matrix_rest:00048.jpg,26.56215710779918,0.8580371737480164,0.19630271196365356
sts,OPENCV,OPENCV,A,2,720p,True,matrix_rest:00056.jpg,20.349219811325288,0.6885654330253601,0.24037158489227295
sts,OPENCV,OPENCV,A,2,720p,True,matrix_rest:00064.jpg,23.006400708357422,0.8183853626251221,0.09066270291805267
sts,OPENCV,OPENCV,A,2,720p,True,matrix_rest:00072.jpg,28.006006143227257,0.8389169573783875,0.08747611939907074
sts,OPENCV,OPENCV,A,2,720p,True,matrix_rest:00080.jpg,25.36453025862222,0.8289594650268555,0.10673946142196655
sts,OPENCV,OPENCV,A,2,720p,True,matrix_rest:00088.jpg,28.62664360582604,0.858027458190918,0.1906360685825348
sts,OPENCV,OPENCV,A,2,720p,True,matrix_repeat_20260812:00000.jpg,24.388663644676054,0.822478711605072,0.2127648890018463
sts,OPENCV,OPENCV,A,2,720p,True,matrix_repeat_20260812:00008.jpg,26.71499563787366,0.8966665863990784,0.088274285197258
sts,OPENCV,OPENCV,A,2,720p,True,matrix_repeat_20260812:00016.jpg,23.089661533779303,0.8085066080093384,0.03901754319667816
sts,OPENCV,OPENCV,A,2,720p,True,matrix_repeat_20260812:00024.jpg,30.359251458763094,0.8366497755050659,0.15888798236846924
sts,OPENCV,OPENCV,A,2,720p,True,matrix_repeat_20260812:00032.jpg,29.042952437576997,0.8510159850120544,0.05076877400279045
sts,OPENCV,OPENCV,A,2,720p,True,matrix_repeat_20260812:00040.jpg,27.344039613724718,0.8991510272026062,0.04393864423036575
sts,OPENCV,OPENCV,A,2,720p,True,matrix_repeat_20260812:00048.jpg,30.319089573865746,0.8805130124092102,0.18496130406856537
sts,OPENCV,OPENCV,A,2,720p,True,matrix_repeat_20260812:00056.jpg,21.24266474399797,0.7296790480613708,0.2286374866962433
sts,OPENCV,OPENCV,A,2,720p,True,matrix_repeat_20260812:00064.jpg,23.52053435680795,0.813862681388855,0.08757871389389038
sts,OPENCV,OPENCV,A,2,720p,True,matrix_repeat_20260812:00072.jpg,28.305300486587242,0.8457528352737427,0.08640970289707184
sts,OPENCV,OPENCV,A,2,720p,True,matrix_repeat_20260812:00080.jpg,26.0578004890742,0.8198855519294739,0.10856097936630249
sts,OPENCV,OPENCV,A,2,720p,True,matrix_repeat_20260812:00088.jpg,29.269765207309177,0.8530938029289246,0.19101449847221375
sts,OPENCV,OPENCV,A,2,720p,True,matrix_repeat_20260812:00000.jpg,24.743316561990735,0.8224933743476868,0.2215673178434372
sts,OPENCV,OPENCV,A,2,720p,True,matrix_repeat_20260812:00008.jpg,26.474693929511645,0.8935086727142334,0.08849698305130005
sts,OPENCV,OPENCV,A,2,720p,True,matrix_repeat_20260812:00016.jpg,22.47666070367961,0.8049219846725464,0.039577603340148926
sts,OPENCV,OPENCV,A,2,720p,True,matrix_repeat_20260812:00024.jpg,30.484316091488036,0.8411986231803894,0.15512767434120178
sts,OPENCV,OPENCV,A,2,720p,True,matrix_repeat_20260812:00032.jpg,28.56989422054192,0.84535151720047,0.05074801295995712
sts,OPENCV,OPENCV,A,2,720p,True,matrix_repeat_20260812:00040.jpg,29.59439203765601,0.8842685222625732,0.04493062198162079
sts,OPENCV,OPENCV,A,2,720p,True,matrix_repeat_20260812:00048.jpg,30.5280153306321,0.8863649368286133,0.17524763941764832
sts,OPENCV,OPENCV,A,2,720p,True,matrix_repeat_20260812:00056.jpg,19.961141654073632,0.675629198551178,0.25236666202545166
sts,OPENCV,OPENCV,A,2,720p,True,matrix_repeat_20260812:00064.jpg,23.37803193029969,0.8150026798248291,0.08649890869855881
sts,OPENCV,OPENCV,A,2,720p,True,matrix_repeat_20260812:00072.jpg,27.941790041626057,0.8403298854827881,0.08563397824764252
sts,OPENCV,OPENCV,A,2,720p,True,matrix_repeat_20260812:00080.jpg,26.0429472488689,0.8247876763343811,0.10681189596652985
sts,OPENCV,OPENCV,A,2,720p,True,matrix_repeat_20260812:00088.jpg,29.287737697653057,0.8588657975196838,0.19360122084617615
sts,OPENCV,OPENCV,A,2,qhd,True,matrix_rest:00000.jpg,26.89110140804027,0.8968914747238159,0.17364296317100525
sts,OPENCV,OPENCV,A,2,qhd,True,matrix_rest:00008.jpg,26.60488334203194,0.8987041115760803,0.03416789695620537
sts,OPENCV,OPENCV,A,2,qhd,True,matrix_rest:00016.jpg,23.497164970904688,0.8306754231452942,0.04148451238870621
sts,OPENCV,OPENCV,A,2,qhd,True,matrix_rest:00024.jpg,29.885227982140947,0.8612344861030579,0.13955239951610565
sts,OPENCV,OPENCV,A,2,qhd,True,matrix_rest:00032.jpg,29.14077231560135,0.845361053943634,0.04292494058609009
sts,OPENCV,OPENCV,A,2,qhd,True,matrix_rest:00040.jpg,32.19695730897243,0.926761269569397,0.04144233092665672
sts,OPENCV,OPENCV,A,2,qhd,True,matrix_rest:00048.jpg,30.965306531355317,0.9032001495361328,0.15607236325740814
sts,OPENCV,OPENCV,A,2,qhd,True,matrix_rest:00058.jpg,19.237586463857852,0.567061722278595,0.2316487729549408
sts,OPENCV,OPENCV,A,2,qhd,True,matrix_rest:00066.jpg,24.29341996019557,0.8652350902557373,0.0821203738451004
sts,OPENCV,OPENCV,A,2,qhd,True,matrix_rest:00074.jpg,28.469707552522785,0.872613787651062,0.03829764947295189
sts,OPENCV,OPENCV,A,2,qhd,True,matrix_rest:00082.jpg,29.35679461364694,0.8719366192817688,0.0583924800157547
sts,OPENCV,OPENCV,A,2,qhd,True,matrix_rest:00090.jpg,27.879647922526125,0.8253971934318542,0.2033146619796753
sts,OPENCV,OPENCV,A,2,qhd,True,matrix_repeat_20260812:00000.jpg,27.48117729641656,0.9049937725067139,0.17314407229423523
sts,OPENCV,OPENCV,A,2,qhd,True,matrix_repeat_20260812:00008.jpg,26.28094755892526,0.8982753157615662,0.03331460803747177
sts,OPENCV,OPENCV,A,2,qhd,True,matrix_repeat_20260812:00016.jpg,23.047182752795234,0.832781195640564,0.040337935090065
sts,OPENCV,OPENCV,A,2,qhd,True,matrix_repeat_20260812:00024.jpg,30.708683954919227,0.8660067915916443,0.13016703724861145
sts,OPENCV,OPENCV,A,2,qhd,True,matrix_repeat_20260812:00032.jpg,29.31367226577975,0.8545665740966797,0.04220704734325409
sts,OPENCV,OPENCV,A,2,qhd,True,matrix_repeat_20260812:00040.jpg,32.05397968209904,0.9294788241386414,0.041552674025297165
sts,OPENCV,OPENCV,A,2,qhd,True,matrix_repeat_20260812:00048.jpg,30.507080133727772,0.9009679555892944,0.16549398005008698
sts,OPENCV,OPENCV,A,2,qhd,True,matrix_repeat_20260812:00058.jpg,18.836371723874585,0.5495142340660095,0.2378414124250412
sts,OPENCV,OPENCV,A,2,qhd,True,matrix_repeat_20260812:00066.jpg,24.588815534950772,0.8604657649993896,0.08116400241851807
sts,OPENCV,OPENCV,A,2,qhd,True,matrix_repeat_20260812:00074.jpg,28.113974037772678,0.880872368812561,0.0358891524374485
sts,OPENCV,OPENCV,A,2,qhd,True,matrix_repeat_20260812:00082.jpg,29.625856875452556,0.8736715316772461,0.05879862606525421
sts,OPENCV,OPENCV,A,2,qhd,True,matrix_repeat_20260812:00090.jpg,28.272669093494276,0.8305661678314209,0.20328764617443085
sts,OPENCV,OPENCV,A,2,qhd,True,matrix_repeat_20260812:00000.jpg,26.87202187376654,0.8933624625205994,0.1829840987920761
sts,OPENCV,OPENCV,A,2,qhd,True,matrix_repeat_20260812:00008.jpg,25.575541597706422,0.8922879695892334,0.03686762601137161
sts,OPENCV,OPENCV,A,2,qhd,True,matrix_repeat_20260812:00016.jpg,23.5954283836366,0.8347150683403015,0.040714330971241
sts,OPENCV,OPENCV,A,2,qhd,True,matrix_repeat_20260812:00024.jpg,30.393649954677283,0.8582924604415894,0.14116767048835754
sts,OPENCV,OPENCV,A,2,qhd,True,matrix_repeat_20260812:00032.jpg,28.450134684767853,0.8354223370552063,0.045355066657066345
sts,OPENCV,OPENCV,A,2,qhd,True,matrix_repeat_20260812:00040.jpg,32.55102666301194,0.9300147891044617,0.038775697350502014
sts,OPENCV,OPENCV,A,2,qhd,True,matrix_repeat_20260812:00048.jpg,16.24183963510251,0.3577817678451538,0.4146606922149658
sts,OPENCV,OPENCV,A,2,qhd,True,matrix_repeat_20260812:00058.jpg,19.10962448935922,0.5571454763412476,0.24155613780021667
sts,OPENCV,OPENCV,A,2,qhd,True,matrix_repeat_20260812:00066.jpg,23.465414781467054,0.8494409322738647,0.0790359228849411
sts,OPENCV,OPENCV,A,2,qhd,True,matrix_repeat_20260812:00074.jpg,28.129611417356482,0.8741341829299927,0.035383936017751694
sts,OPENCV,OPENCV,A,2,qhd,True,matrix_repeat_20260812:00082.jpg,29.028687684679582,0.8712878227233887,0.057370249181985855
sts,OPENCV,OPENCV,A,2,qhd,True,matrix_repeat_20260812:00090.jpg,28.452232051785302,0.833263635635376,0.1974504292011261
sts,OPENCV,OPENCV,A,2,low,True,matrix_rest:00000.jpg,27.116142456181013,0.9341880083084106,0.1317870318889618
sts,OPENCV,OPENCV,A,2,low,True,matrix_rest:00008.jpg,25.509398102878546,0.9235216379165649,0.06711989641189575
sts,OPENCV,OPENCV,A,2,low,True,matrix_rest:00016.jpg,23.721964921753568,0.8624452948570251,0.037841856479644775
sts,OPENCV,OPENCV,A,2,low,True,matrix_rest:00024.jpg,31.571646842979526,0.8826354146003723,0.13438759744167328
sts,OPENCV,OPENCV,A,2,low,True,matrix_rest:00032.jpg,28.82769165231715,0.8467084765434265,0.0331270731985569
sts,OPENCV,OPENCV,A,2,low,True,matrix_rest:00040.jpg,32.45319942630458,0.942451000213623,0.03375076502561569
sts,OPENCV,OPENCV,A,2,low,True,matrix_rest:00048.jpg,31.392362956098026,0.9368751645088196,0.12298281490802765
sts,OPENCV,OPENCV,A,2,low,True,matrix_rest:00058.jpg,20.149991345360174,0.6087844967842102,0.20628398656845093
sts,OPENCV,OPENCV,A,2,low,True,matrix_rest:00066.jpg,23.923579517119066,0.8802003264427185,0.0341392457485199
sts,OPENCV,OPENCV,A,2,low,True,matrix_rest:00074.jpg,27.621302985072603,0.8967414498329163,0.034062184393405914
sts,OPENCV,OPENCV,A,2,low,True,matrix_rest:00082.jpg,29.65761442139909,0.8762502670288086,0.1171194314956665
sts,OPENCV,OPENCV,A,2,low,True,matrix_rest:00090.jpg,28.29198538745397,0.8256574273109436,0.18704599142074585
sts,OPENCV,OPENCV,A,2,low,True,matrix_repeat_20260812:00000.jpg,27.6074879506815,0.9379870891571045,0.13733887672424316
sts,OPENCV,OPENCV,A,2,low,True,matrix_repeat_20260812:00008.jpg,25.834912996756163,0.9250814914703369,0.058278895914554596
sts,OPENCV,OPENCV,A,2,low,True,matrix_repeat_20260812:00016.jpg,23.943187556909038,0.8667151927947998,0.036657802760601044
sts,OPENCV,OPENCV,A,2,low,True,matrix_repeat_20260812:00024.jpg,31.244718567494147,0.8819766044616699,0.13274985551834106
sts,OPENCV,OPENCV,A,2,low,True,matrix_repeat_20260812:00032.jpg,28.989231965434254,0.8583935499191284,0.030969250947237015
sts,OPENCV,OPENCV,A,2,low,True,matrix_repeat_20260812:00040.jpg,32.643366446343485,0.9468881487846375,0.03515976667404175
sts,OPENCV,OPENCV,A,2,low,True,matrix_repeat_20260812:00048.jpg,31.160762659697255,0.9373632669448853,0.12204232811927795
sts,OPENCV,OPENCV,A,2,low,True,matrix_repeat_20260812:00058.jpg,20.55130270341648,0.6325966715812683,0.21383735537528992
sts,OPENCV,OPENCV,A,2,low,True,matrix_repeat_20260812:00066.jpg,23.232330527636186,0.8737404942512512,0.036713093519210815
sts,OPENCV,OPENCV,A,2,low,True,matrix_repeat_20260812:00074.jpg,27.540763043909106,0.89356929063797,0.03430721536278725
sts,OPENCV,OPENCV,A,2,low,True,matrix_repeat_20260812:00082.jpg,29.424517331139135,0.8710781931877136,0.11789877712726593
sts,OPENCV,OPENCV,A,2,low,True,matrix_repeat_20260812:00090.jpg,27.848315189346103,0.8172226548194885,0.18044151365756989
sts,OPENCV,OPENCV,A,2,low,True,matrix_repeat_20260812:00000.jpg,27.03830527655473,0.9297581911087036,0.13622763752937317
sts,OPENCV,OPENCV,A,2,low,True,matrix_repeat_20260812:00008.jpg,26.188082934800075,0.9292107820510864,0.05850847065448761
sts,OPENCV,OPENCV,A,2,low,True,matrix_repeat_20260812:00016.jpg,23.735941782928673,0.8643801808357239,0.04024661332368851
sts,OPENCV,OPENCV,A,2,low,True,matrix_repeat_20260812:00024.jpg,31.089045245765163,0.8840347528457642,0.1390685737133026
sts,OPENCV,OPENCV,A,2,low,True,matrix_repeat_20260812:00032.jpg,29.147091475186095,0.8586487174034119,0.03237857297062874
sts,OPENCV,OPENCV,A,2,low,True,matrix_repeat_20260812:00040.jpg,32.64982440022064,0.9436038136482239,0.03684225305914879
sts,OPENCV,OPENCV,A,2,low,True,matrix_repeat_20260812:00048.jpg,31.525554762827333,0.9385022521018982,0.11503657698631287
sts,OPENCV,OPENCV,A,2,low,True,matrix_repeat_20260812:00058.jpg,20.261381900100524,0.6163560152053833,0.2006714940071106
sts,OPENCV,OPENCV,A,2,low,True,matrix_repeat_20260812:00066.jpg,23.888666925939283,0.8897379040718079,0.035759977996349335
sts,OPENCV,OPENCV,A,2,low,True,matrix_repeat_20260812:00074.jpg,27.566179872326746,0.8941301703453064,0.03367708995938301
sts,OPENCV,OPENCV,A,2,low,True,matrix_repeat_20260812:00082.jpg,30.001099580978085,0.8838877081871033,0.11268408596515656
sts,OPENCV,OPENCV,A,2,low,True,matrix_repeat_20260812:00090.jpg,27.8541542599474,0.8210083246231079,0.18732133507728577
sts,OPENCV,OPENCV,A,5,720p,True,matrix_rest:00000.jpg,27.374517355803537,0.8953263759613037,0.14428503811359406
sts,OPENCV,OPENCV,A,5,720p,True,matrix_rest:00008.jpg,28.831761390728325,0.9258116483688354,0.15741124749183655
sts,OPENCV,OPENCV,A,5,720p,True,matrix_rest:00016.jpg,28.134980875164057,0.9062355160713196,0.1241396963596344
sts,OPENCV,OPENCV,A,5,720p,True,matrix_rest:00024.jpg,27.969008980404965,0.9084287881851196,0.14829742908477783
sts,OPENCV,OPENCV,A,5,720p,True,matrix_rest:00032.jpg,26.91111211141477,0.9329574704170227,0.07992987334728241
sts,OPENCV,OPENCV,A,5,720p,True,matrix_rest:00040.jpg,27.965335464234407,0.8931113481521606,0.03366827592253685
sts,OPENCV,OPENCV,A,5,720p,True,matrix_rest:00048.jpg,28.943289937270595,0.8603925704956055,0.038633838295936584
sts,OPENCV,OPENCV,A,5,720p,True,matrix_rest:00056.jpg,28.571292275235187,0.91685551404953,0.08247920870780945
sts,OPENCV,OPENCV,A,5,720p,True,matrix_rest:00064.jpg,30.712521117720662,0.9030367732048035,0.14730507135391235
sts,OPENCV,OPENCV,A,5,720p,True,matrix_rest:00072.jpg,30.779311364378714,0.8767580389976501,0.15197238326072693
sts,OPENCV,OPENCV,A,5,720p,True,matrix_rest:00080.jpg,24.06386298023506,0.7395771145820618,0.07543499767780304
sts,OPENCV,OPENCV,A,5,720p,True,matrix_rest:00088.jpg,31.851219160158447,0.9010271430015564,0.13122817873954773
sts,OPENCV,OPENCV,A,5,720p,True,matrix_rest:00096.jpg,32.00376999908034,0.9309307932853699,0.03707730025053024
sts,OPENCV,OPENCV,A,5,720p,True,matrix_rest:00104.jpg,33.03235976581061,0.9212828278541565,0.0360478013753891
sts,OPENCV,OPENCV,A,5,720p,True,matrix_rest:00112.jpg,30.75383580734382,0.9315907955169678,0.10134732723236084
sts,OPENCV,OPENCV,A,5,720p,True,matrix_rest:00120.jpg,32.019906397659085,0.911285936832428,0.18670441210269928
sts,OPENCV,OPENCV,A,5,720p,True,matrix_rest:00128.jpg,31.50430206440504,0.9044140577316284,0.1815061867237091
sts,OPENCV,OPENCV,A,5,720p,True,matrix_rest:00136.jpg,27.520997276637253,0.8938765525817871,0.19030088186264038
sts,OPENCV,OPENCV,A,5,720p,True,matrix_rest:00144.jpg,30.651793429195685,0.920722246170044,0.16609880328178406
sts,OPENCV,OPENCV,A,5,720p,True,matrix_rest:00152.jpg,31.00199464579797,0.9041390419006348,0.09677590429782867
sts,OPENCV,OPENCV,A,5,720p,True,matrix_rest:00160.jpg,27.465719124618005,0.9221691489219666,0.0760827511548996
sts,OPENCV,OPENCV,A,5,720p,True,matrix_rest:00168.jpg,28.80469810643771,0.9179946780204773,0.060221485793590546
sts,OPENCV,OPENCV,A,5,720p,True,matrix_rest:00176.jpg,33.07168541228452,0.9287056922912598,0.0679222047328949
sts,OPENCV,OPENCV,A,5,720p,True,matrix_rest:00184.jpg,30.97634373107772,0.9234282374382019,0.06771799176931381
sts,OPENCV,OPENCV,A,5,720p,True,matrix_rest:00192.jpg,30.420138940645582,0.9055273532867432,0.12202836573123932
sts,OPENCV,OPENCV,A,5,720p,True,matrix_rest:00200.jpg,29.570569297466555,0.9002096652984619,0.061312440782785416
sts,OPENCV,OPENCV,A,5,720p,True,matrix_rest:00208.jpg,33.49349901248951,0.9232506155967712,0.1619572788476944
sts,OPENCV,OPENCV,A,5,720p,True,matrix_rest:00216.jpg,29.095249192639837,0.8920847773551941,0.1922941654920578
sts,OPENCV,OPENCV,A,5,720p,True,matrix_rest:00224.jpg,32.13012575802912,0.8983252048492432,0.2003360390663147
sts,OPENCV,OPENCV,A,5,720p,True,matrix_rest:00232.jpg,27.05481451379789,0.8504317402839661,0.2202320694923401
sts,OPENCV,OPENCV,A,5,720p,True,matrix_repeat_20260812:00000.jpg,27.596508291445954,0.8995078802108765,0.14506268501281738
sts,OPENCV,OPENCV,A,5,720p,True,matrix_repeat_20260812:00008.jpg,28.944785776928633,0.9293323755264282,0.14894580841064453
sts,OPENCV,OPENCV,A,5,720p,True,matrix_repeat_20260812:00016.jpg,27.866797308068346,0.9050641059875488,0.12230443954467773
sts,OPENCV,OPENCV,A,5,720p,True,matrix_repeat_20260812:00024.jpg,28.141480984345147,0.9110799431800842,0.14508914947509766
sts,OPENCV,OPENCV,A,5,720p,True,matrix_repeat_20260812:00032.jpg,26.91104011679147,0.9359471797943115,0.07753102481365204
sts,OPENCV,OPENCV,A,5,720p,True,matrix_repeat_20260812:00040.jpg,28.068859336184243,0.8999999165534973,0.03250269591808319
sts,OPENCV,OPENCV,A,5,720p,True,matrix_repeat_20260812:00048.jpg,28.982854192971654,0.8619658946990967,0.0382213369011879
sts,OPENCV,OPENCV,A,5,720p,True,matrix_repeat_20260812:00056.jpg,28.476812546480268,0.9139293432235718,0.08250803500413895
sts,OPENCV,OPENCV,A,5,720p,True,matrix_repeat_20260812:00064.jpg,30.26025203893905,0.8974013924598694,0.1518130898475647
sts,OPENCV,OPENCV,A,5,720p,True,matrix_repeat_20260812:00072.jpg,30.5647793527677,0.8731001019477844,0.1543123722076416
sts,OPENCV,OPENCV,A,5,720p,True,matrix_repeat_20260812:00080.jpg,23.7302775617692,0.7397233843803406,0.07356179505586624
sts,OPENCV,OPENCV,A,5,720p,True,matrix_repeat_20260812:00088.jpg,31.778793271034328,0.9030945301055908,0.12878943979740143
sts,OPENCV,OPENCV,A,5,720p,True,matrix_repeat_20260812:00096.jpg,32.10183688969033,0.9319589138031006,0.035791315138339996
sts,OPENCV,OPENCV,A,5,720p,True,matrix_repeat_20260812:00104.jpg,32.623435302693004,0.9203765988349915,0.035763636231422424
sts,OPENCV,OPENCV,A,5,720p,True,matrix_repeat_20260812:00112.jpg,30.493891763937793,0.9303456544876099,0.10005991160869598
sts,OPENCV,OPENCV,A,5,720p,True,matrix_repeat_20260812:00120.jpg,32.02347190986428,0.913887083530426,0.18065649271011353
sts,OPENCV,OPENCV,A,5,720p,True,matrix_repeat_20260812:00128.jpg,31.362324353937872,0.9054747223854065,0.176936537027359
sts,OPENCV,OPENCV,A,5,720p,True,matrix_repeat_20260812:00136.jpg,27.095511995197405,0.8927839994430542,0.19293874502182007
sts,OPENCV,OPENCV,A,5,720p,True,matrix_repeat_20260812:00144.jpg,30.412897521982046,0.9221159219741821,0.15636184811592102
sts,OPENCV,OPENCV,A,5,720p,True,matrix_repeat_20260812:00152.jpg,30.82579378850908,0.9018163084983826,0.09810143709182739
sts,OPENCV,OPENCV,A,5,720p,True,matrix_repeat_20260812:00160.jpg,27.318165857072447,0.9239699244499207,0.07459035515785217
sts,OPENCV,OPENCV,A,5,720p,True,matrix_repeat_20260812:00168.jpg,29.024884433882633,0.923637330532074,0.05572759360074997
sts,OPENCV,OPENCV,A,5,720p,True,matrix_repeat_20260812:00176.jpg,33.127033271647974,0.9312873482704163,0.06697358191013336
sts,OPENCV,OPENCV,A,5,720p,True,matrix_repeat_20260812:00184.jpg,31.183199138036017,0.9253048896789551,0.06747139990329742
sts,OPENCV,OPENCV,A,5,720p,True,matrix_repeat_20260812:00192.jpg,30.56600166231115,0.9051392674446106,0.11982576549053192
sts,OPENCV,OPENCV,A,5,720p,True,matrix_repeat_20260812:00200.jpg,29.72939424005809,0.8986353874206543,0.06172964721918106
sts,OPENCV,OPENCV,A,5,720p,True,matrix_repeat_20260812:00208.jpg,33.12550428781579,0.9210005402565002,0.16477686166763306
sts,OPENCV,OPENCV,A,5,720p,True,matrix_repeat_20260812:00216.jpg,26.065768894342305,0.8810968995094299,0.1957148015499115
sts,OPENCV,OPENCV,A,5,720p,True,matrix_repeat_20260812:00224.jpg,32.27733618976843,0.9008262753486633,0.19672676920890808
sts,OPENCV,OPENCV,A,5,720p,True,matrix_repeat_20260812:00232.jpg,27.93695965673002,0.8594668507575989,0.21772834658622742
sts,OPENCV,OPENCV,A,5,720p,True,matrix_repeat_20260812:00000.jpg,27.385422442471075,0.8955509066581726,0.1527002602815628
sts,OPENCV,OPENCV,A,5,720p,True,matrix_repeat_20260812:00008.jpg,28.4287140606431,0.9260403513908386,0.15748541057109833
sts,OPENCV,OPENCV,A,5,720p,True,matrix_repeat_20260812:00016.jpg,27.898228628090816,0.9052363634109497,0.12320100516080856
sts,OPENCV,OPENCV,A,5,720p,True,matrix_repeat_20260812:00024.jpg,27.653908829080475,0.9073257446289062,0.14853239059448242
sts,OPENCV,OPENCV,A,5,720p,True,matrix_repeat_20260812:00032.jpg,26.963684654132834,0.936069905757904,0.07344409823417664
sts,OPENCV,OPENCV,A,5,720p,True,matrix_repeat_20260812:00040.jpg,27.31066128674489,0.8911639451980591,0.034126538783311844
sts,OPENCV,OPENCV,A,5,720p,True,matrix_repeat_20260812:00048.jpg,28.76406740838864,0.8611785769462585,0.03908747434616089
sts,OPENCV,OPENCV,A,5,720p,True,matrix_repeat_20260812:00056.jpg,29.209195671635122,0.9166882038116455,0.08273070305585861
sts,OPENCV,OPENCV,A,5,720p,True,matrix_repeat_20260812:00064.jpg,31.117113538970543,0.9028340578079224,0.1463024914264679
sts,OPENCV,OPENCV,A,5,720p,True,matrix_repeat_20260812:00072.jpg,30.786161870037006,0.8774133324623108,0.13808105885982513
sts,OPENCV,OPENCV,A,5,720p,True,matrix_repeat_20260812:00080.jpg,23.658854726668146,0.7376572489738464,0.07302326709032059
sts,OPENCV,OPENCV,A,5,720p,True,matrix_repeat_20260812:00088.jpg,32.14291108410167,0.8996642827987671,0.13211366534233093
sts,OPENCV,OPENCV,A,5,720p,True,matrix_repeat_20260812:00096.jpg,31.195029988668516,0.9262678623199463,0.03758949041366577
sts,OPENCV,OPENCV,A,5,720p,True,matrix_repeat_20260812:00104.jpg,32.73659421581314,0.9223417043685913,0.03622626140713692
sts,OPENCV,OPENCV,A,5,720p,True,matrix_repeat_20260812:00112.jpg,30.59682922884641,0.9279020428657532,0.09906348586082458
sts,OPENCV,OPENCV,A,5,720p,True,matrix_repeat_20260812:00120.jpg,31.98374831136615,0.9148208498954773,0.18169249594211578
sts,OPENCV,OPENCV,A,5,720p,True,matrix_repeat_20260812:00128.jpg,31.182329160790086,0.9061013460159302,0.17588454484939575
sts,OPENCV,OPENCV,A,5,720p,True,matrix_repeat_20260812:00136.jpg,27.638981952262796,0.897331178188324,0.1904856264591217
sts,OPENCV,OPENCV,A,5,720p,True,matrix_repeat_20260812:00144.jpg,30.024094449991708,0.9175866842269897,0.1684950292110443
sts,OPENCV,OPENCV,A,5,720p,True,matrix_repeat_20260812:00152.jpg,30.422879113916267,0.9019299745559692,0.09775989502668381
sts,OPENCV,OPENCV,A,5,720p,True,matrix_repeat_20260812:00160.jpg,26.442950189826707,0.9194058775901794,0.072916679084301
sts,OPENCV,OPENCV,A,5,720p,True,matrix_repeat_20260812:00168.jpg,27.462366533569266,0.9158077239990234,0.057620756328105927
sts,OPENCV,OPENCV,A,5,720p,True,matrix_repeat_20260812:00176.jpg,32.71792012308034,0.9296406507492065,0.06435874104499817
sts,OPENCV,OPENCV,A,5,720p,True,matrix_repeat_20260812:00184.jpg,30.65363783860965,0.9273231625556946,0.06449190527200699
sts,OPENCV,OPENCV,A,5,720p,True,matrix_repeat_20260812:00192.jpg,30.252566640841817,0.9051002860069275,0.12069724500179291
sts,OPENCV,OPENCV,A,5,720p,True,matrix_repeat_20260812:00200.jpg,29.722027807423423,0.9004901647567749,0.06281842291355133
sts,OPENCV,OPENCV,A,5,720p,True,matrix_repeat_20260812:00208.jpg,33.164646409848174,0.9229353666305542,0.16112489998340607
sts,OPENCV,OPENCV,A,5,720p,True,matrix_repeat_20260812:00216.jpg,27.852263763669413,0.8891263604164124,0.1934005171060562
sts,OPENCV,OPENCV,A,5,720p,True,matrix_repeat_20260812:00224.jpg,32.34960879388907,0.8989229798316956,0.2035406231880188
sts,OPENCV,OPENCV,A,5,720p,True,matrix_repeat_20260812:00232.jpg,26.150670522909856,0.8542852997779846,0.21993368864059448
sts,OPENCV,OPENCV,A,5,qhd,True,matrix_rest:00000.jpg,23.419365855469376,0.8090596795082092,0.20808914303779602
sts,OPENCV,OPENCV,A,5,qhd,True,matrix_rest:00008.jpg,25.625163498083367,0.8907321691513062,0.1545751690864563
sts,OPENCV,OPENCV,A,5,qhd,True,matrix_rest:00016.jpg,24.844325667733074,0.8775281310081482,0.16037830710411072
sts,OPENCV,OPENCV,A,5,qhd,True,matrix_rest:00024.jpg,25.271356333424272,0.87814861536026,0.17883142828941345
sts,OPENCV,OPENCV,A,5,qhd,True,matrix_rest:00032.jpg,26.19598973978812,0.9243981838226318,0.08209303021430969
sts,OPENCV,OPENCV,A,5,qhd,True,matrix_rest:00040.jpg,27.178669373855733,0.9000056982040405,0.03463750332593918
sts,OPENCV,OPENCV,A,5,qhd,True,matrix_rest:00048.jpg,27.960407709962137,0.871086597442627,0.04022450000047684
sts,OPENCV,OPENCV,A,5,qhd,True,matrix_rest:00056.jpg,28.923859191348843,0.9173578023910522,0.10733427107334137
sts,OPENCV,OPENCV,A,5,qhd,True,matrix_rest:00064.jpg,31.62092528190314,0.9233221411705017,0.11319269239902496
sts,OPENCV,OPENCV,A,5,qhd,True,matrix_rest:00072.jpg,31.250453570108697,0.9283818602561951,0.10010949522256851
sts,OPENCV,OPENCV,A,5,qhd,True,matrix_rest:00080.jpg,25.21264646913478,0.7410469055175781,0.0613756999373436
sts,OPENCV,OPENCV,A,5,qhd,True,matrix_rest:00088.jpg,32.77379671467845,0.9173588156700134,0.1116524189710617
sts,OPENCV,OPENCV,A,5,qhd,True,matrix_rest:00096.jpg,31.382608960835604,0.9400478005409241,0.030937280505895615
sts,OPENCV,OPENCV,A,5,qhd,True,matrix_rest:00104.jpg,30.607194896520866,0.9115701913833618,0.04069669172167778
sts,OPENCV,OPENCV,A,5,qhd,True,matrix_rest:00112.jpg,29.61209531707073,0.9165869951248169,0.11680252850055695
sts,OPENCV,OPENCV,A,5,qhd,True,matrix_rest:00120.jpg,30.09614106146522,0.9101963043212891,0.18422091007232666
sts,OPENCV,OPENCV,A,5,qhd,True,matrix_rest:00128.jpg,29.09730097507773,0.9024455547332764,0.16643568873405457
sts,OPENCV,OPENCV,A,5,qhd,True,matrix_rest:00136.jpg,24.09243506230868,0.8412218689918518,0.22330009937286377
sts,OPENCV,OPENCV,A,5,qhd,True,matrix_rest:00144.jpg,12.935362474811933,0.2318304479122162,0.3182981312274933
sts,OPENCV,OPENCV,A,5,qhd,True,matrix_rest:00154.jpg,20.744341167803366,0.7989607453346252,0.05276927351951599
sts,OPENCV,OPENCV,A,5,qhd,True,matrix_rest:00162.jpg,24.18736252371989,0.8614681959152222,0.08902467042207718
sts,OPENCV,OPENCV,A,5,qhd,True,matrix_rest:00170.jpg,27.081229166637296,0.9042373895645142,0.09427155554294586
sts,OPENCV,OPENCV,A,5,qhd,True,matrix_rest:00178.jpg,31.697096483410306,0.9406605958938599,0.06409014016389847
sts,OPENCV,OPENCV,A,5,qhd,True,matrix_rest:00186.jpg,31.28011910773842,0.9391596913337708,0.08417648077011108
sts,OPENCV,OPENCV,A,5,qhd,True,matrix_rest:00194.jpg,27.288362358189747,0.8473970293998718,0.1904696673154831
sts,OPENCV,OPENCV,A,5,qhd,True,matrix_rest:00202.jpg,29.477195520188914,0.8885882496833801,0.09182985126972198
sts,OPENCV,OPENCV,A,5,qhd,True,matrix_rest:00210.jpg,34.68884588993075,0.9382283091545105,0.13851962983608246
sts,OPENCV,OPENCV,A,5,qhd,True,matrix_rest:00218.jpg,28.929852885423344,0.8959580659866333,0.11685934662818909
sts,OPENCV,OPENCV,A,5,qhd,True,matrix_rest:00226.jpg,32.03340392335217,0.8903941512107849,0.19001707434654236
sts,OPENCV,OPENCV,A,5,qhd,True,matrix_rest:00234.jpg,25.14388029208492,0.8066011667251587,0.2201172411441803
sts,OPENCV,OPENCV,A,5,qhd,True,matrix_repeat_20260812:00000.jpg,22.001522349290596,0.7896893620491028,0.22780665755271912
sts,OPENCV,OPENCV,A,5,qhd,True,matrix_repeat_20260812:00008.jpg,25.760801159053184,0.8853831887245178,0.16622719168663025
sts,OPENCV,OPENCV,A,5,qhd,True,matrix_repeat_20260812:00016.jpg,25.202609067799536,0.8788113594055176,0.15698084235191345
sts,OPENCV,OPENCV,A,5,qhd,True,matrix_repeat_20260812:00024.jpg,25.538937546901387,0.8777980804443359,0.18690626323223114
sts,OPENCV,OPENCV,A,5,qhd,True,matrix_repeat_20260812:00032.jpg,26.36061961378804,0.931455671787262,0.08157488703727722
sts,OPENCV,OPENCV,A,5,qhd,True,matrix_repeat_20260812:00040.jpg,27.3033191069486,0.9042410850524902,0.03419012203812599
sts,OPENCV,OPENCV,A,5,qhd,True,matrix_repeat_20260812:00048.jpg,28.00613168663017,0.8727322816848755,0.03952821344137192
sts,OPENCV,OPENCV,A,5,qhd,True,matrix_repeat_20260812:00056.jpg,28.782599505181903,0.9178560972213745,0.113075852394104
sts,OPENCV,OPENCV,A,5,qhd,True,matrix_repeat_20260812:00064.jpg,30.924829140779245,0.9112768769264221,0.11190322786569595
sts,OPENCV,OPENCV,A,5,qhd,True,matrix_repeat_20260812:00072.jpg,30.96618999156553,0.9162184000015259,0.1027376651763916
sts,OPENCV,OPENCV,A,5,qhd,True,matrix_repeat_20260812:00080.jpg,25.181800286626927,0.7438150644302368,0.06399665772914886
sts,OPENCV,OPENCV,A,5,qhd,True,matrix_repeat_20260812:00088.jpg,32.52101460307912,0.9105781316757202,0.11751480400562286
sts,OPENCV,OPENCV,A,5,qhd,True,matrix_repeat_20260812:00096.jpg,31.566649860606812,0.9402337074279785,0.03203191980719566
sts,OPENCV,OPENCV,A,5,qhd,True,matrix_repeat_20260812:00104.jpg,30.126964527296405,0.9090260863304138,0.04355721175670624
sts,OPENCV,OPENCV,A,5,qhd,True,matrix_repeat_20260812:00112.jpg,29.835451620102454,0.9205732345581055,0.12207996100187302
sts,OPENCV,OPENCV,A,5,qhd,True,matrix_repeat_20260812:00120.jpg,31.08594121344909,0.9185210466384888,0.17550519108772278
sts,OPENCV,OPENCV,A,5,qhd,True,matrix_repeat_20260812:00128.jpg,29.96549954334906,0.9080686569213867,0.17279356718063354
sts,OPENCV,OPENCV,A,5,qhd,True,matrix_repeat_20260812:00136.jpg,24.34145439763482,0.8467684388160706,0.2305883914232254
sts,OPENCV,OPENCV,A,5,qhd,True,matrix_repeat_20260812:00144.jpg,13.332015331448936,0.3004615902900696,0.31040990352630615
sts,OPENCV,OPENCV,A,5,qhd,True,matrix_repeat_20260812:00154.jpg,19.847061239045843,0.7742745876312256,0.05607173219323158
sts,OPENCV,OPENCV,A,5,qhd,True,matrix_repeat_20260812:00162.jpg,23.25291851100109,0.8572238683700562,0.08783254772424698
sts,OPENCV,OPENCV,A,5,qhd,True,matrix_repeat_20260812:00170.jpg,26.614513839235407,0.9008373618125916,0.0927165150642395
sts,OPENCV,OPENCV,A,5,qhd,True,matrix_repeat_20260812:00178.jpg,31.479243382308372,0.9414307475090027,0.06827613711357117
sts,OPENCV,OPENCV,A,5,qhd,True,matrix_repeat_20260812:00186.jpg,32.19513526554282,0.9414141774177551,0.08888023346662521
sts,OPENCV,OPENCV,A,5,qhd,True,matrix_repeat_20260812:00194.jpg,27.03024483390857,0.8523229956626892,0.18799689412117004
sts,OPENCV,OPENCV,A,5,qhd,True,matrix_repeat_20260812:00202.jpg,29.40356717409947,0.8862165808677673,0.08891206979751587
sts,OPENCV,OPENCV,A,5,qhd,True,matrix_repeat_20260812:00210.jpg,35.13717131357632,0.9365689754486084,0.14671504497528076
sts,OPENCV,OPENCV,A,5,qhd,True,matrix_repeat_20260812:00218.jpg,28.544737541798455,0.8886703848838806,0.12176968157291412
sts,OPENCV,OPENCV,A,5,qhd,True,matrix_repeat_20260812:00226.jpg,31.754643103559857,0.8870497345924377,0.19555562734603882
sts,OPENCV,OPENCV,A,5,qhd,True,matrix_repeat_20260812:00234.jpg,24.948845718226607,0.8208697438240051,0.22128143906593323
sts,OPENCV,OPENCV,A,5,qhd,True,matrix_repeat_20260812:00000.jpg,22.20205940742855,0.7933869957923889,0.21356233954429626
sts,OPENCV,OPENCV,A,5,qhd,True,matrix_repeat_20260812:00008.jpg,25.777358159221354,0.8912424445152283,0.1676115244626999
sts,OPENCV,OPENCV,A,5,qhd,True,matrix_repeat_20260812:00016.jpg,25.263529275990308,0.875688374042511,0.15878808498382568
sts,OPENCV,OPENCV,A,5,qhd,True,matrix_repeat_20260812:00024.jpg,25.020657962444908,0.8818957209587097,0.18615353107452393
sts,OPENCV,OPENCV,A,5,qhd,True,matrix_repeat_20260812:00032.jpg,26.359358313192107,0.9228167533874512,0.08324319124221802
sts,OPENCV,OPENCV,A,5,qhd,True,matrix_repeat_20260812:00040.jpg,26.05489483387835,0.8841055631637573,0.03545618802309036
sts,OPENCV,OPENCV,A,5,qhd,True,matrix_repeat_20260812:00048.jpg,28.326709320558887,0.8698049783706665,0.039313510060310364
sts,OPENCV,OPENCV,A,5,qhd,True,matrix_repeat_20260812:00056.jpg,28.549580338677597,0.9191626310348511,0.09490841627120972
sts,OPENCV,OPENCV,A,5,qhd,True,matrix_repeat_20260812:00064.jpg,31.03456777628479,0.9194178581237793,0.11263823509216309
sts,OPENCV,OPENCV,A,5,qhd,True,matrix_repeat_20260812:00072.jpg,30.652008442648466,0.9223942160606384,0.10211465507745743
sts,OPENCV,OPENCV,A,5,qhd,True,matrix_repeat_20260812:00080.jpg,25.0413045338627,0.7358248829841614,0.06345370411872864
sts,OPENCV,OPENCV,A,5,qhd,True,matrix_repeat_20260812:00088.jpg,32.314468837719836,0.9136103987693787,0.11255142092704773
sts,OPENCV,OPENCV,A,5,qhd,True,matrix_repeat_20260812:00096.jpg,31.848860470055314,0.9418509006500244,0.031056150794029236
sts,OPENCV,OPENCV,A,5,qhd,True,matrix_repeat_20260812:00104.jpg,30.269360762632456,0.9113928079605103,0.0423283576965332
sts,OPENCV,OPENCV,A,5,qhd,True,matrix_repeat_20260812:00112.jpg,29.035749821626236,0.9196728467941284,0.1163286566734314
sts,OPENCV,OPENCV,A,5,qhd,True,matrix_repeat_20260812:00120.jpg,30.62282947007699,0.9133138060569763,0.1877390444278717
sts,OPENCV,OPENCV,A,5,qhd,True,matrix_repeat_20260812:00128.jpg,30.386073993184,0.9095759987831116,0.16528281569480896
sts,OPENCV,OPENCV,A,5,qhd,True,matrix_repeat_20260812:00136.jpg,24.399797733664336,0.8503966927528381,0.2240612506866455
sts,OPENCV,OPENCV,A,5,qhd,True,matrix_repeat_20260812:00144.jpg,15.405640696244811,0.3933478593826294,0.2909080386161804
sts,OPENCV,OPENCV,A,5,qhd,True,matrix_repeat_20260812:00154.jpg,21.796141492769454,0.825381338596344,0.049757979810237885
sts,OPENCV,OPENCV,A,5,qhd,True,matrix_repeat_20260812:00162.jpg,19.08395715807616,0.8076828718185425,0.09804902970790863
sts,OPENCV,OPENCV,A,5,qhd,True,matrix_repeat_20260812:00170.jpg,28.82563795800134,0.9156796932220459,0.0932881087064743
sts,OPENCV,OPENCV,A,5,qhd,True,matrix_repeat_20260812:00178.jpg,31.585991235604098,0.9443250298500061,0.06449626386165619
sts,OPENCV,OPENCV,A,5,qhd,True,matrix_repeat_20260812:00186.jpg,32.1872401993914,0.9444561004638672,0.07961126416921616
sts,OPENCV,OPENCV,A,5,qhd,True,matrix_repeat_20260812:00194.jpg,27.07271149108528,0.8469139933586121,0.17963570356369019
sts,OPENCV,OPENCV,A,5,qhd,True,matrix_repeat_20260812:00202.jpg,29.648069976791184,0.8871355652809143,0.09117008745670319
sts,OPENCV,OPENCV,A,5,qhd,True,matrix_repeat_20260812:00210.jpg,35.30265262754103,0.9418323636054993,0.1283658742904663
sts,OPENCV,OPENCV,A,5,qhd,True,matrix_repeat_20260812:00218.jpg,29.20700231873583,0.8983749747276306,0.10580087453126907
sts,OPENCV,OPENCV,A,5,qhd,True,matrix_repeat_20260812:00226.jpg,31.722358837877334,0.8915238380432129,0.18732976913452148
sts,OPENCV,OPENCV,A,5,qhd,True,matrix_repeat_20260812:00234.jpg,25.2343672669995,0.813042938709259,0.22515632212162018
sts,OPENCV,OPENCV,A,5,low,True,matrix_rest:00000.jpg,27.72430088616241,0.9397315979003906,0.11274939775466919
sts,OPENCV,OPENCV,A,5,low,True,matrix_rest:00008.jpg,28.592146542657154,0.9581409692764282,0.10600028932094574
sts,OPENCV,OPENCV,A,5,low,True,matrix_rest:00016.jpg,28.011247231730568,0.948000967502594,0.0998324453830719
sts,OPENCV,OPENCV,A,5,low,True,matrix_rest:00024.jpg,27.405956899052644,0.945438802242279,0.11040239781141281
sts,OPENCV,OPENCV,A,5,low,True,matrix_rest:00032.jpg,26.773162159463393,0.9645293951034546,0.05525972321629524
sts,OPENCV,OPENCV,A,5,low,True,matrix_rest:00040.jpg,28.38271478861448,0.9401522874832153,0.02436339482665062
sts,OPENCV,OPENCV,A,5,low,True,matrix_rest:00048.jpg,30.281844545390708,0.941142201423645,0.029427545145154
sts,OPENCV,OPENCV,A,5,low,True,matrix_rest:00056.jpg,29.49526139736988,0.947841465473175,0.07368825376033783
sts,OPENCV,OPENCV,A,5,low,True,matrix_rest:00064.jpg,30.89039471097298,0.9375488758087158,0.09133860468864441
sts,OPENCV,OPENCV,A,5,low,True,matrix_rest:00072.jpg,30.54274244981684,0.9353475570678711,0.07617712765932083
sts,OPENCV,OPENCV,A,5,low,True,matrix_rest:00080.jpg,25.880583133906292,0.7653977274894714,0.050910063087940216
sts,OPENCV,OPENCV,A,5,low,True,matrix_rest:00088.jpg,32.91615271648964,0.9298614263534546,0.09741921722888947
sts,OPENCV,OPENCV,A,5,low,True,matrix_rest:00096.jpg,32.780010571988754,0.9487085938453674,0.020522411912679672
sts,OPENCV,OPENCV,A,5,low,True,matrix_rest:00104.jpg,32.41847144603894,0.9435712099075317,0.028552189469337463
sts,OPENCV,OPENCV,A,5,low,True,matrix_rest:00112.jpg,30.605870259942463,0.9600078463554382,0.08855988085269928
sts,OPENCV,OPENCV,A,5,low,True,matrix_rest:00120.jpg,32.28320038836443,0.9555932283401489,0.1338224709033966
sts,OPENCV,OPENCV,A,5,low,True,matrix_rest:00128.jpg,31.76870247320119,0.9542011618614197,0.12400060892105103
sts,OPENCV,OPENCV,A,5,low,True,matrix_rest:00136.jpg,27.219992217387446,0.9304140210151672,0.13573762774467468
sts,OPENCV,OPENCV,A,5,low,True,matrix_rest:00144.jpg,30.364527398669637,0.9432331323623657,0.11842533946037292
sts,OPENCV,OPENCV,A,5,low,True,matrix_rest:00152.jpg,31.162634580755917,0.9458789825439453,0.06189132481813431
sts,OPENCV,OPENCV,A,5,low,True,matrix_rest:00160.jpg,27.175379161012373,0.9432075023651123,0.0603753998875618
sts,OPENCV,OPENCV,A,5,low,True,matrix_rest:00168.jpg,27.823653892106748,0.9454406499862671,0.04880620539188385
sts,OPENCV,OPENCV,A,5,low,True,matrix_rest:00176.jpg,33.793833260597644,0.9626394510269165,0.040489427745342255
sts,OPENCV,OPENCV,A,5,low,True,matrix_rest:00184.jpg,30.765265188196768,0.9599663019180298,0.03808137774467468
sts,OPENCV,OPENCV,A,5,low,True,matrix_rest:00192.jpg,31.50596301576877,0.9460903406143188,0.027643587440252304
sts,OPENCV,OPENCV,A,5,low,True,matrix_rest:00200.jpg,30.4376216173978,0.9146679639816284,0.057532899081707
sts,OPENCV,OPENCV,A,5,low,True,matrix_rest:00208.jpg,33.19520848069295,0.9304909110069275,0.1202285885810852
sts,OPENCV,OPENCV,A,5,low,True,matrix_rest:00216.jpg,29.401573427020253,0.9066486954689026,0.1356271654367447
sts,OPENCV,OPENCV,A,5,low,True,matrix_rest:00224.jpg,32.54991333568023,0.9134505391120911,0.14168322086334229
sts,OPENCV,OPENCV,A,5,low,True,matrix_rest:00232.jpg,27.65784397579437,0.8506442308425903,0.15600351989269257
sts,OPENCV,OPENCV,A,5,low,True,matrix_repeat_20260812:00000.jpg,27.418695556054967,0.9313594102859497,0.11032862961292267
sts,OPENCV,OPENCV,A,5,low,True,matrix_repeat_20260812:00008.jpg,28.275120527832375,0.9517332315444946,0.11896231025457382
sts,OPENCV,OPENCV,A,5,low,True,matrix_repeat_20260812:00016.jpg,27.922811518763176,0.9494404196739197,0.10530470311641693
sts,OPENCV,OPENCV,A,5,low,True,matrix_repeat_20260812:00024.jpg,26.56964616829624,0.9433879256248474,0.12529747188091278
sts,OPENCV,OPENCV,A,5,low,True,matrix_repeat_20260812:00032.jpg,26.493102139472256,0.960935652256012,0.05946339666843414
sts,OPENCV,OPENCV,A,5,low,True,matrix_repeat_20260812:00040.jpg,26.51731688911353,0.9297730326652527,0.027190543711185455
sts,OPENCV,OPENCV,A,5,low,True,matrix_repeat_20260812:00048.jpg,30.15774381252685,0.9361984729766846,0.029005713760852814
sts,OPENCV,OPENCV,A,5,low,True,matrix_repeat_20260812:00056.jpg,28.79533046258392,0.9421297311782837,0.07257112860679626
sts,OPENCV,OPENCV,A,5,low,True,matrix_repeat_20260812:00064.jpg,30.79012817279315,0.9375823140144348,0.09758350253105164
sts,OPENCV,OPENCV,A,5,low,True,matrix_repeat_20260812:00072.jpg,31.694629174326213,0.9442079663276672,0.08502212166786194
sts,OPENCV,OPENCV,A,5,low,True,matrix_repeat_20260812:00080.jpg,26.314635613092896,0.7609356641769409,0.047555163502693176
sts,OPENCV,OPENCV,A,5,low,True,matrix_repeat_20260812:00088.jpg,33.25658898522082,0.929654598236084,0.09169647097587585
sts,OPENCV,OPENCV,A,5,low,True,matrix_repeat_20260812:00096.jpg,32.41620351275856,0.9479861855506897,0.02239551953971386
sts,OPENCV,OPENCV,A,5,low,True,matrix_repeat_20260812:00104.jpg,32.559292760795145,0.9441275000572205,0.028494633734226227
sts,OPENCV,OPENCV,A,5,low,True,matrix_repeat_20260812:00112.jpg,29.810949769944052,0.9581751823425293,0.08819561451673508
sts,OPENCV,OPENCV,A,5,low,True,matrix_repeat_20260812:00120.jpg,32.497809246136256,0.9565433859825134,0.12195931375026703
sts,OPENCV,OPENCV,A,5,low,True,matrix_repeat_20260812:00128.jpg,31.584510570227113,0.9569923281669617,0.11917918175458908
sts,OPENCV,OPENCV,A,5,low,True,matrix_repeat_20260812:00136.jpg,27.35052630438898,0.9283833503723145,0.129991352558136
sts,OPENCV,OPENCV,A,5,low,True,matrix_repeat_20260812:00144.jpg,30.48043920648926,0.9452692270278931,0.11802336573600769
sts,OPENCV,OPENCV,A,5,low,True,matrix_repeat_20260812:00152.jpg,30.745209489167685,0.946969211101532,0.06455207616090775
sts,OPENCV,OPENCV,A,5,low,True,matrix_repeat_20260812:00160.jpg,26.84896036383725,0.9422207474708557,0.06022929400205612
sts,OPENCV,OPENCV,A,5,low,True,matrix_repeat_20260812:00168.jpg,27.50928097246796,0.9431809186935425,0.05058088153600693
sts,OPENCV,OPENCV,A,5,low,True,matrix_repeat_20260812:00176.jpg,33.71759880469219,0.9635471105575562,0.03896234184503555
sts,OPENCV,OPENCV,A,5,low,True,matrix_repeat_20260812:00184.jpg,31.083354212943142,0.9590134024620056,0.0389595627784729
sts,OPENCV,OPENCV,A,5,low,True,matrix_repeat_20260812:00192.jpg,31.327739014863273,0.9443103075027466,0.027500472962856293
sts,OPENCV,OPENCV,A,5,low,True,matrix_repeat_20260812:00200.jpg,30.528866981958256,0.9176369905471802,0.061339400708675385
sts,OPENCV,OPENCV,A,5,low,True,matrix_repeat_20260812:00208.jpg,33.18538504856069,0.9320366382598877,0.11854065954685211
sts,OPENCV,OPENCV,A,5,low,True,matrix_repeat_20260812:00216.jpg,29.7225732164806,0.9068799614906311,0.1274089217185974
sts,OPENCV,OPENCV,A,5,low,True,matrix_repeat_20260812:00224.jpg,32.312932673514126,0.9081985950469971,0.1408570259809494
sts,OPENCV,OPENCV,A,5,low,True,matrix_repeat_20260812:00232.jpg,27.051419333092475,0.8406199812889099,0.14695428311824799
sts,OPENCV,OPENCV,A,5,low,True,matrix_repeat_20260812:00000.jpg,27.752407133024725,0.9343560934066772,0.10999850928783417
sts,OPENCV,OPENCV,A,5,low,True,matrix_repeat_20260812:00008.jpg,28.204325634948447,0.9544798731803894,0.10710121691226959
sts,OPENCV,OPENCV,A,5,low,True,matrix_repeat_20260812:00016.jpg,28.328699046001056,0.9492385983467102,0.1019463837146759
sts,OPENCV,OPENCV,A,5,low,True,matrix_repeat_20260812:00024.jpg,27.61274922522979,0.9498595595359802,0.12341329455375671
sts,OPENCV,OPENCV,A,5,low,True,matrix_repeat_20260812:00032.jpg,26.890999102342686,0.963645339012146,0.06261864304542542
sts,OPENCV,OPENCV,A,5,low,True,matrix_repeat_20260812:00040.jpg,28.236179207707398,0.9447793960571289,0.024800587445497513
sts,OPENCV,OPENCV,A,5,low,True,matrix_repeat_20260812:00048.jpg,30.026672284754525,0.9394687414169312,0.029258765280246735
sts,OPENCV,OPENCV,A,5,low,True,matrix_repeat_20260812:00056.jpg,29.864053835588663,0.9446855783462524,0.07185955345630646
sts,OPENCV,OPENCV,A,5,low,True,matrix_repeat_20260812:00064.jpg,31.05547419792468,0.9364094138145447,0.09410712122917175
sts,OPENCV,OPENCV,A,5,low,True,matrix_repeat_20260812:00072.jpg,31.147711717735262,0.9304034113883972,0.08433126658201218
sts,OPENCV,OPENCV,A,5,low,True,matrix_repeat_20260812:00080.jpg,26.118250798969914,0.7523328065872192,0.051177702844142914
sts,OPENCV,OPENCV,A,5,low,True,matrix_repeat_20260812:00088.jpg,32.92643872262072,0.9233245253562927,0.09596933424472809
sts,OPENCV,OPENCV,A,5,low,True,matrix_repeat_20260812:00096.jpg,32.34950631551715,0.9466734528541565,0.021658584475517273
sts,OPENCV,OPENCV,A,5,low,True,matrix_repeat_20260812:00104.jpg,32.258802985629,0.9418817162513733,0.028814461082220078
sts,OPENCV,OPENCV,A,5,low,True,matrix_repeat_20260812:00112.jpg,30.87365166320788,0.9602975845336914,0.0910194143652916
sts,OPENCV,OPENCV,A,5,low,True,matrix_repeat_20260812:00120.jpg,32.50450596960859,0.9565160274505615,0.1274586319923401
sts,OPENCV,OPENCV,A,5,low,True,matrix_repeat_20260812:00128.jpg,32.013455653634644,0.9582459330558777,0.12090149521827698
sts,OPENCV,OPENCV,A,5,low,True,matrix_repeat_20260812:00136.jpg,26.86461319808291,0.9273233413696289,0.13193073868751526
sts,OPENCV,OPENCV,A,5,low,True,matrix_repeat_20260812:00144.jpg,30.059429631751406,0.9395861625671387,0.13476920127868652
sts,OPENCV,OPENCV,A,5,low,True,matrix_repeat_20260812:00152.jpg,30.657496944264025,0.9445281624794006,0.06763117760419846
sts,OPENCV,OPENCV,A,5,low,True,matrix_repeat_20260812:00160.jpg,26.400612539955493,0.9405792355537415,0.05707802623510361
sts,OPENCV,OPENCV,A,5,low,True,matrix_repeat_20260812:00168.jpg,27.569598866815145,0.9415413737297058,0.04574866592884064
sts,OPENCV,OPENCV,A,5,low,True,matrix_repeat_20260812:00176.jpg,33.1557990299539,0.9612796306610107,0.04052088037133217
sts,OPENCV,OPENCV,A,5,low,True,matrix_repeat_20260812:00184.jpg,30.5680692857942,0.9586446285247803,0.03898239880800247
sts,OPENCV,OPENCV,A,5,low,True,matrix_repeat_20260812:00192.jpg,31.280484032287326,0.9446462988853455,0.028830956667661667
sts,OPENCV,OPENCV,A,5,low,True,matrix_repeat_20260812:00200.jpg,30.19033592627114,0.9172190427780151,0.05842453986406326
sts,OPENCV,OPENCV,A,5,low,True,matrix_repeat_20260812:00208.jpg,33.252506595289994,0.9291698336601257,0.10810361802577972
sts,OPENCV,OPENCV,A,5,low,True,matrix_repeat_20260812:00216.jpg,28.320923177489576,0.8972622752189636,0.12193140387535095
sts,OPENCV,OPENCV,A,5,low,True,matrix_repeat_20260812:00224.jpg,31.891141756211937,0.9043135643005371,0.14743466675281525
sts,OPENCV,OPENCV,A,5,low,True,matrix_repeat_20260812:00232.jpg,27.024876956159474,0.8277673721313477,0.14767329394817352
sts,PINHOLE,PH,A,2,720p,True,matrix_rest:00000.jpg,25.522549631151907,0.799466073513031,0.2507184147834778
sts,PINHOLE,PH,A,2,720p,True,matrix_rest:00008.jpg,26.314436529307983,0.887224555015564,0.08533667773008347
sts,PINHOLE,PH,A,2,720p,True,matrix_rest:00016.jpg,20.75295090762761,0.8063848614692688,0.04094444215297699
sts,PINHOLE,PH,A,2,720p,True,matrix_rest:00024.jpg,29.77756191080626,0.8153243660926819,0.1659328192472458
sts,PINHOLE,PH,A,2,720p,True,matrix_rest:00032.jpg,28.59417135541654,0.8309390544891357,0.0515797883272171
sts,PINHOLE,PH,A,2,720p,True,matrix_rest:00040.jpg,29.290101017988235,0.8826284408569336,0.04630270600318909
sts,PINHOLE,PH,A,2,720p,True,matrix_rest:00048.jpg,30.237389244141077,0.8739894032478333,0.17432138323783875
sts,PINHOLE,PH,A,2,720p,True,matrix_rest:00056.jpg,22.052286948513146,0.7370724678039551,0.23816943168640137
sts,PINHOLE,PH,A,2,720p,True,matrix_rest:00064.jpg,22.703479468248716,0.8129366040229797,0.08335111290216446
sts,PINHOLE,PH,A,2,720p,True,matrix_rest:00072.jpg,28.211742602173796,0.8368843197822571,0.08494064956903458
sts,PINHOLE,PH,A,2,720p,True,matrix_rest:00080.jpg,26.000126031349247,0.8155553936958313,0.11019142717123032
sts,PINHOLE,PH,A,2,720p,True,matrix_rest:00088.jpg,29.048939860539846,0.8443555235862732,0.19103741645812988
sts,PINHOLE,PH,A,2,720p,True,matrix_repeat_20260812:00000.jpg,23.275280042823457,0.7681627869606018,0.261738657951355
sts,PINHOLE,PH,A,2,720p,True,matrix_repeat_20260812:00008.jpg,26.774405228724632,0.9021543264389038,0.08696248382329941
sts,PINHOLE,PH,A,2,720p,True,matrix_repeat_20260812:00016.jpg,23.160072337194094,0.807176947593689,0.04027612879872322
sts,PINHOLE,PH,A,2,720p,True,matrix_repeat_20260812:00024.jpg,29.613005849101484,0.8183526396751404,0.16143088042736053
sts,PINHOLE,PH,A,2,720p,True,matrix_repeat_20260812:00032.jpg,27.728795426167785,0.8195076584815979,0.05151701718568802
sts,PINHOLE,PH,A,2,720p,True,matrix_repeat_20260812:00040.jpg,31.621902408234874,0.9054189324378967,0.04393194615840912
sts,PINHOLE,PH,A,2,720p,True,matrix_repeat_20260812:00048.jpg,29.642533280710175,0.8659611344337463,0.1836075335741043
sts,PINHOLE,PH,A,2,720p,True,matrix_repeat_20260812:00056.jpg,23.488278442286994,0.7843505144119263,0.22647759318351746
sts,PINHOLE,PH,A,2,720p,True,matrix_repeat_20260812:00064.jpg,22.329707938441082,0.8185300230979919,0.08793080598115921
sts,PINHOLE,PH,A,2,720p,True,matrix_repeat_20260812:00072.jpg,28.333471358203383,0.8356947898864746,0.08605529367923737
sts,PINHOLE,PH,A,2,720p,True,matrix_repeat_20260812:00080.jpg,26.310713180484292,0.8186420202255249,0.10960559546947479
sts,PINHOLE,PH,A,2,720p,True,matrix_repeat_20260812:00088.jpg,28.677210459610905,0.8416085839271545,0.19461065530776978
sts,PINHOLE,PH,A,2,qhd,True,matrix_rest:00000.jpg,22.179505017349236,0.773756206035614,0.246222585439682
sts,PINHOLE,PH,A,2,qhd,True,matrix_rest:00008.jpg,23.004777720777415,0.8570805191993713,0.0431235134601593
sts,PINHOLE,PH,A,2,qhd,True,matrix_rest:00016.jpg,24.132369748227212,0.8365713953971863,0.042929016053676605
sts,PINHOLE,PH,A,2,qhd,True,matrix_rest:00024.jpg,30.527905139210283,0.8352367281913757,0.15361849963665009
sts,PINHOLE,PH,A,2,qhd,True,matrix_rest:00032.jpg,28.287763880940943,0.8332424163818359,0.0465274304151535
sts,PINHOLE,PH,A,2,qhd,True,matrix_rest:00040.jpg,31.804695722777836,0.9223673939704895,0.043171174824237823
sts,PINHOLE,PH,A,2,qhd,True,matrix_rest:00048.jpg,30.46324404312985,0.9032419323921204,0.14358139038085938
sts,PINHOLE,PH,A,2,qhd,True,matrix_rest:00058.jpg,15.571224941078178,0.2598521411418915,0.31054165959358215
sts,PINHOLE,PH,A,2,qhd,True,matrix_rest:00066.jpg,21.54999694441627,0.7892066836357117,0.08830335736274719
sts,PINHOLE,PH,A,2,qhd,True,matrix_rest:00074.jpg,27.129372643299018,0.857342004776001,0.037204790860414505
sts,PINHOLE,PH,A,2,qhd,True,matrix_rest:00082.jpg,29.182198535080094,0.8651886582374573,0.05792142078280449
sts,PINHOLE,PH,A,2,qhd,True,matrix_rest:00090.jpg,27.17239937591976,0.8111215829849243,0.2184787094593048
sts,PINHOLE,PH,A,2,qhd,True,matrix_repeat_20260812:00000.jpg,23.561074137400098,0.7950568795204163,0.2462126612663269
sts,PINHOLE,PH,A,2,qhd,True,matrix_repeat_20260812:00008.jpg,23.534745194522667,0.8649054169654846,0.04222032427787781
sts,PINHOLE,PH,A,2,qhd,True,matrix_repeat_20260812:00016.jpg,24.05146144797908,0.8262092471122742,0.04271787777543068
sts,PINHOLE,PH,A,2,qhd,True,matrix_repeat_20260812:00024.jpg,30.854611989581706,0.8393333554267883,0.14550822973251343
sts,PINHOLE,PH,A,2,qhd,True,matrix_repeat_20260812:00032.jpg,28.479727913319035,0.8314262628555298,0.04569386690855026
sts,PINHOLE,PH,A,2,qhd,True,matrix_repeat_20260812:00040.jpg,31.780033561934793,0.9238455295562744,0.04339512437582016
sts,PINHOLE,PH,A,2,qhd,True,matrix_repeat_20260812:00048.jpg,30.353539835650057,0.9016937017440796,0.14999626576900482
sts,PINHOLE,PH,A,2,qhd,True,matrix_repeat_20260812:00058.jpg,15.208596047177142,0.23587994277477264,0.3094777464866638
sts,PINHOLE,PH,A,2,qhd,True,matrix_repeat_20260812:00066.jpg,21.827631178308952,0.783763587474823,0.09320968389511108
sts,PINHOLE,PH,A,2,qhd,True,matrix_repeat_20260812:00074.jpg,27.32184441932951,0.853956937789917,0.041021883487701416
sts,PINHOLE,PH,A,2,qhd,True,matrix_repeat_20260812:00082.jpg,28.969044339580947,0.8556778430938721,0.060009874403476715
sts,PINHOLE,PH,A,2,qhd,True,matrix_repeat_20260812:00090.jpg,27.545171478605113,0.8244690895080566,0.21054188907146454
sts,PINHOLE,PH,A,2,low,True,matrix_rest:00000.jpg,23.18145773416939,0.8513721227645874,0.1963973343372345
sts,PINHOLE,PH,A,2,low,True,matrix_rest:00008.jpg,24.243060857154084,0.9156254529953003,0.0685531347990036
sts,PINHOLE,PH,A,2,low,True,matrix_rest:00016.jpg,23.21309311009962,0.856734037399292,0.04544729366898537
sts,PINHOLE,PH,A,2,low,True,matrix_rest:00024.jpg,30.715758903792025,0.8598191142082214,0.1508374810218811
sts,PINHOLE,PH,A,2,low,True,matrix_rest:00032.jpg,28.409598437735553,0.8373358249664307,0.03494966775178909
sts,PINHOLE,PH,A,2,low,True,matrix_rest:00040.jpg,32.300175575314235,0.939525842666626,0.037499018013477325
sts,PINHOLE,PH,A,2,low,True,matrix_rest:00048.jpg,30.4235548823496,0.9267223477363586,0.13634748756885529
sts,PINHOLE,PH,A,2,low,True,matrix_rest:00058.jpg,14.173649310759055,0.21357090771198273,0.31083375215530396
sts,PINHOLE,PH,A,2,low,True,matrix_rest:00066.jpg,22.929533945951505,0.8626267313957214,0.04200988635420799
sts,PINHOLE,PH,A,2,low,True,matrix_rest:00074.jpg,27.69456895506375,0.8929691910743713,0.037671253085136414
sts,PINHOLE,PH,A,2,low,True,matrix_rest:00082.jpg,29.53522879071699,0.8725185394287109,0.12449625134468079
sts,PINHOLE,PH,A,2,low,True,matrix_rest:00090.jpg,27.798999655433633,0.8093960285186768,0.16684813797473907
sts,PINHOLE,PH,A,2,low,True,matrix_repeat_20260812:00000.jpg,23.529711019915823,0.8597723841667175,0.19421938061714172
sts,PINHOLE,PH,A,2,low,True,matrix_repeat_20260812:00008.jpg,23.878437174637828,0.908046543598175,0.0814780592918396
sts,PINHOLE,PH,A,2,low,True,matrix_repeat_20260812:00016.jpg,23.825183399360753,0.8625816106796265,0.044696055352687836
sts,PINHOLE,PH,A,2,low,True,matrix_repeat_20260812:00024.jpg,30.633581823582816,0.8629322648048401,0.16038595139980316
sts,PINHOLE,PH,A,2,low,True,matrix_repeat_20260812:00032.jpg,28.404593665932154,0.8356132507324219,0.03706902265548706
sts,PINHOLE,PH,A,2,low,True,matrix_repeat_20260812:00040.jpg,32.18796350134238,0.9378576278686523,0.03803400695323944
sts,PINHOLE,PH,A,2,low,True,matrix_repeat_20260812:00048.jpg,30.624577551386093,0.9285224080085754,0.13808801770210266
sts,PINHOLE,PH,A,2,low,True,matrix_repeat_20260812:00058.jpg,15.23913510993978,0.3071663975715637,0.3045799434185028
sts,PINHOLE,PH,A,2,low,True,matrix_repeat_20260812:00066.jpg,23.063490478586033,0.8695676922798157,0.04255041480064392
sts,PINHOLE,PH,A,2,low,True,matrix_repeat_20260812:00074.jpg,27.63794787357415,0.8975481986999512,0.03601782023906708
sts,PINHOLE,PH,A,2,low,True,matrix_repeat_20260812:00082.jpg,29.158746356244166,0.8664005398750305,0.11810991168022156
sts,PINHOLE,PH,A,2,low,True,matrix_repeat_20260812:00090.jpg,27.391614935344922,0.8053250312805176,0.18367129564285278
sts,PINHOLE,PH,A,5,720p,True,matrix_rest:00000.jpg,23.07498344399562,0.6998345255851746,0.2727900445461273
sts,PINHOLE,PH,A,5,720p,True,matrix_rest:00008.jpg,23.071999861755575,0.8336818814277649,0.25328299403190613
sts,PINHOLE,PH,A,5,720p,True,matrix_rest:00016.jpg,23.550502511607743,0.816024899482727,0.196333110332489
sts,PINHOLE,PH,A,5,720p,True,matrix_rest:00024.jpg,23.466288924430934,0.8147931694984436,0.19676928222179413
sts,PINHOLE,PH,A,5,720p,True,matrix_rest:00032.jpg,25.852151584021236,0.8842102289199829,0.1091080904006958
sts,PINHOLE,PH,A,5,720p,True,matrix_rest:00040.jpg,25.906976026438535,0.8534232974052429,0.04035895690321922
sts,PINHOLE,PH,A,5,720p,True,matrix_rest:00048.jpg,25.358593216191668,0.7802958488464355,0.052540846168994904
sts,PINHOLE,PH,A,5,720p,True,matrix_rest:00056.jpg,28.27160604629445,0.8888790607452393,0.02252374216914177
sts,PINHOLE,PH,A,5,720p,True,matrix_rest:00064.jpg,29.82708450255513,0.8752354979515076,0.16895395517349243
sts,PINHOLE,PH,A,5,720p,True,matrix_rest:00072.jpg,29.26733305624696,0.8427199125289917,0.15883779525756836
sts,PINHOLE,PH,A,5,720p,True,matrix_rest:00080.jpg,23.928222395971158,0.7238041162490845,0.07880071550607681
sts,PINHOLE,PH,A,5,720p,True,matrix_rest:00088.jpg,31.640032842577167,0.8824955821037292,0.14985749125480652
sts,PINHOLE,PH,A,5,720p,True,matrix_rest:00096.jpg,31.048933080638914,0.9231842756271362,0.041306111961603165
sts,PINHOLE,PH,A,5,720p,True,matrix_rest:00104.jpg,29.72337865006212,0.8957950472831726,0.04778408259153366
sts,PINHOLE,PH,A,5,720p,True,matrix_rest:00112.jpg,29.56279829251733,0.89687180519104,0.13861365616321564
sts,PINHOLE,PH,A,5,720p,True,matrix_rest:00120.jpg,29.808688881072754,0.8647064566612244,0.22286224365234375
sts,PINHOLE,PH,A,5,720p,True,matrix_rest:00128.jpg,28.745681852645415,0.8324384093284607,0.23427176475524902
sts,PINHOLE,PH,A,5,720p,True,matrix_rest:00136.jpg,22.954312381842392,0.7919855117797852,0.2954452335834503
sts,PINHOLE,PH,A,5,720p,True,matrix_rest:00144.jpg,12.481427685601822,0.3198801577091217,0.37305596470832825
sts,PINHOLE,PH,A,5,720p,True,matrix_rest:00152.jpg,17.869152973254888,0.5594659447669983,0.17748171091079712
sts,PINHOLE,PH,A,5,720p,True,matrix_rest:00160.jpg,19.220835760315556,0.7503046989440918,0.1128389984369278
sts,PINHOLE,PH,A,5,720p,True,matrix_rest:00168.jpg,25.232226756703543,0.8483518362045288,0.09185504913330078
sts,PINHOLE,PH,A,5,720p,True,matrix_rest:00176.jpg,30.848524882397363,0.89393150806427,0.09654687345027924
sts,PINHOLE,PH,A,5,720p,True,matrix_rest:00184.jpg,29.128999606106795,0.8861947059631348,0.09920955449342728
sts,PINHOLE,PH,A,5,720p,True,matrix_rest:00192.jpg,26.87792727904517,0.8347861766815186,0.19961193203926086
sts,PINHOLE,PH,A,5,720p,True,matrix_rest:00200.jpg,29.64111657743562,0.8868932723999023,0.07183463126420975
sts,PINHOLE,PH,A,5,720p,True,matrix_rest:00208.jpg,33.25397293659913,0.9138960838317871,0.1729244589805603
sts,PINHOLE,PH,A,5,720p,True,matrix_rest:00216.jpg,29.137728105024095,0.8863113522529602,0.21443915367126465
sts,PINHOLE,PH,A,5,720p,True,matrix_rest:00224.jpg,31.70837165996568,0.8948161602020264,0.20557616651058197
sts,PINHOLE,PH,A,5,720p,True,matrix_rest:00232.jpg,26.72498597387552,0.8362484574317932,0.2327694296836853
sts,PINHOLE,PH,A,5,720p,True,matrix_repeat_20260812:00000.jpg,23.003849129160486,0.6854532957077026,0.27715539932250977
sts,PINHOLE,PH,A,5,720p,True,matrix_repeat_20260812:00008.jpg,22.437216013651096,0.8254885673522949,0.2620420455932617
sts,PINHOLE,PH,A,5,720p,True,matrix_repeat_20260812:00016.jpg,23.389497293843394,0.8234625458717346,0.19250725209712982
sts,PINHOLE,PH,A,5,720p,True,matrix_repeat_20260812:00024.jpg,24.47452751660466,0.8286271691322327,0.19075393676757812
sts,PINHOLE,PH,A,5,720p,True,matrix_repeat_20260812:00032.jpg,25.546242492924712,0.8842407464981079,0.1093374490737915
sts,PINHOLE,PH,A,5,720p,True,matrix_repeat_20260812:00040.jpg,26.42035769502582,0.8542269468307495,0.039794180542230606
sts,PINHOLE,PH,A,5,720p,True,matrix_repeat_20260812:00048.jpg,26.10235050200106,0.7872453331947327,0.051684267818927765
sts,PINHOLE,PH,A,5,720p,True,matrix_repeat_20260812:00056.jpg,28.362669457584985,0.8895121216773987,0.022255949676036835
sts,PINHOLE,PH,A,5,720p,True,matrix_repeat_20260812:00064.jpg,29.24008570463544,0.8739897608757019,0.17202572524547577
sts,PINHOLE,PH,A,5,720p,True,matrix_repeat_20260812:00072.jpg,28.62970485872307,0.8399405479431152,0.167201966047287
sts,PINHOLE,PH,A,5,720p,True,matrix_repeat_20260812:00080.jpg,23.617165066050774,0.7240562438964844,0.0816822350025177
sts,PINHOLE,PH,A,5,720p,True,matrix_repeat_20260812:00088.jpg,31.352889839675914,0.8819037675857544,0.14594347774982452
sts,PINHOLE,PH,A,5,720p,True,matrix_repeat_20260812:00096.jpg,25.19110994971555,0.8424132466316223,0.05848858878016472
sts,PINHOLE,PH,A,5,720p,True,matrix_repeat_20260812:00104.jpg,31.00499112347943,0.8999797701835632,0.04433330148458481
sts,PINHOLE,PH,A,5,720p,True,matrix_repeat_20260812:00112.jpg,29.406630735948582,0.8956848382949829,0.14069025218486786
sts,PINHOLE,PH,A,5,720p,True,matrix_repeat_20260812:00120.jpg,29.812823928402217,0.867099940776825,0.22062969207763672
sts,PINHOLE,PH,A,5,720p,True,matrix_repeat_20260812:00128.jpg,28.795108262415315,0.8389745950698853,0.2328994870185852
sts,PINHOLE,PH,A,5,720p,True,matrix_repeat_20260812:00136.jpg,21.098191503870204,0.7500960826873779,0.31448113918304443
sts,PINHOLE,PH,A,5,720p,True,matrix_repeat_20260812:00144.jpg,12.348009677351415,0.3289456367492676,0.3816392123699188
sts,PINHOLE,PH,A,5,720p,True,matrix_repeat_20260812:00152.jpg,15.850982709677055,0.4718150496482849,0.19579261541366577
sts,PINHOLE,PH,A,5,720p,True,matrix_repeat_20260812:00160.jpg,19.82752460849101,0.7426274418830872,0.11606228351593018
sts,PINHOLE,PH,A,5,720p,True,matrix_repeat_20260812:00168.jpg,25.115836216054213,0.8448603749275208,0.08963419497013092
sts,PINHOLE,PH,A,5,720p,True,matrix_repeat_20260812:00176.jpg,31.166355052508493,0.8940452337265015,0.0975843220949173
sts,PINHOLE,PH,A,5,720p,True,matrix_repeat_20260812:00184.jpg,29.141334033724263,0.884772777557373,0.1014271229505539
sts,PINHOLE,PH,A,5,720p,True,matrix_repeat_20260812:00192.jpg,27.690684476769043,0.8409551978111267,0.1785491406917572
sts,PINHOLE,PH,A,5,720p,True,matrix_repeat_20260812:00200.jpg,29.47451226715848,0.8830662369728088,0.07314316183328629
sts,PINHOLE,PH,A,5,720p,True,matrix_repeat_20260812:00208.jpg,33.1348639532928,0.9178683161735535,0.16521655023097992
sts,PINHOLE,PH,A,5,720p,True,matrix_repeat_20260812:00216.jpg,25.043242830123713,0.8534798622131348,0.2084597498178482
sts,PINHOLE,PH,A,5,720p,True,matrix_repeat_20260812:00224.jpg,32.10437936510124,0.8920679688453674,0.20236068964004517
sts,PINHOLE,PH,A,5,720p,True,matrix_repeat_20260812:00232.jpg,27.438106649065123,0.8421897888183594,0.22871321439743042
sts,PINHOLE,PH,A,5,qhd,True,matrix_rest:00000.jpg,26.67784510415202,0.8784632682800293,0.17464454472064972
sts,PINHOLE,PH,A,5,qhd,True,matrix_rest:00008.jpg,27.627592498477437,0.9197898507118225,0.13353440165519714
sts,PINHOLE,PH,A,5,qhd,True,matrix_rest:00016.jpg,27.596885055206588,0.9086413383483887,0.12752453982830048
sts,PINHOLE,PH,A,5,qhd,True,matrix_rest:00024.jpg,27.0680372780604,0.9097421169281006,0.16644996404647827
sts,PINHOLE,PH,A,5,qhd,True,matrix_rest:00032.jpg,26.366609229002446,0.9308518171310425,0.07857581228017807
sts,PINHOLE,PH,A,5,qhd,True,matrix_rest:00040.jpg,27.294286381348844,0.8943786025047302,0.03699023276567459
sts,PINHOLE,PH,A,5,qhd,True,matrix_rest:00048.jpg,26.652634640463887,0.8268311023712158,0.04925581440329552
sts,PINHOLE,PH,A,5,qhd,True,matrix_rest:00056.jpg,28.300822254794515,0.8973551988601685,0.07728583365678787
sts,PINHOLE,PH,A,5,qhd,True,matrix_rest:00064.jpg,28.99126391467574,0.8728805184364319,0.1570977419614792
sts,PINHOLE,PH,A,5,qhd,True,matrix_rest:00072.jpg,28.643569414973406,0.8384314179420471,0.17681166529655457
sts,PINHOLE,PH,A,5,qhd,True,matrix_rest:00080.jpg,24.369278660049318,0.7140955924987793,0.07642832398414612
sts,PINHOLE,PH,A,5,qhd,True,matrix_rest:00088.jpg,31.115473888208026,0.8923027515411377,0.13291072845458984
sts,PINHOLE,PH,A,5,qhd,True,matrix_rest:00096.jpg,31.5415983285012,0.9262383580207825,0.03875182569026947
sts,PINHOLE,PH,A,5,qhd,True,matrix_rest:00104.jpg,31.066859268267365,0.9081560969352722,0.04082012176513672
sts,PINHOLE,PH,A,5,qhd,True,matrix_rest:00112.jpg,30.615297426320616,0.9348660707473755,0.10009537637233734
sts,PINHOLE,PH,A,5,qhd,True,matrix_rest:00120.jpg,31.40346996806523,0.9105333089828491,0.15991200506687164
sts,PINHOLE,PH,A,5,qhd,True,matrix_rest:00128.jpg,30.235936499502515,0.908949613571167,0.16501720249652863
sts,PINHOLE,PH,A,5,qhd,True,matrix_rest:00136.jpg,26.948635794196502,0.891801118850708,0.1939549297094345
sts,PINHOLE,PH,A,5,qhd,True,matrix_rest:00144.jpg,28.517899223328016,0.9111851453781128,0.16013750433921814
sts,PINHOLE,PH,A,5,qhd,True,matrix_rest:00154.jpg,25.561191349702938,0.9169653058052063,0.028486162424087524
sts,PINHOLE,PH,A,5,qhd,True,matrix_rest:00162.jpg,26.853407459767805,0.9029865860939026,0.07864189893007278
sts,PINHOLE,PH,A,5,qhd,True,matrix_rest:00170.jpg,29.100624808531318,0.912278413772583,0.08709350228309631
sts,PINHOLE,PH,A,5,qhd,True,matrix_rest:00178.jpg,31.898613890891458,0.9383647441864014,0.06765704602003098
sts,PINHOLE,PH,A,5,qhd,True,matrix_rest:00186.jpg,32.27336370275233,0.9351139664649963,0.07659804075956345
sts,PINHOLE,PH,A,5,qhd,True,matrix_rest:00194.jpg,26.089315518060975,0.8063768148422241,0.17851582169532776
sts,PINHOLE,PH,A,5,qhd,True,matrix_rest:00202.jpg,29.394147122812726,0.877212643623352,0.10694575309753418
sts,PINHOLE,PH,A,5,qhd,True,matrix_rest:00210.jpg,35.424279028715006,0.9346811771392822,0.144211545586586
sts,PINHOLE,PH,A,5,qhd,True,matrix_rest:00218.jpg,28.408854977417533,0.8805126547813416,0.12330281734466553
sts,PINHOLE,PH,A,5,qhd,True,matrix_rest:00226.jpg,30.833604057886053,0.8722220063209534,0.20352056622505188
sts,PINHOLE,PH,A,5,qhd,True,matrix_rest:00234.jpg,24.711577815331047,0.781574547290802,0.24814894795417786
sts,PINHOLE,PH,A,5,qhd,True,matrix_repeat_20260812:00000.jpg,22.042914398503925,0.6801164150238037,0.2746560871601105
sts,PINHOLE,PH,A,5,qhd,True,matrix_repeat_20260812:00008.jpg,23.575344301096663,0.8466423749923706,0.19794794917106628
sts,PINHOLE,PH,A,5,qhd,True,matrix_repeat_20260812:00016.jpg,23.4247688861385,0.8433743715286255,0.18575996160507202
sts,PINHOLE,PH,A,5,qhd,True,matrix_repeat_20260812:00024.jpg,21.89512803242446,0.8188592195510864,0.20881617069244385
sts,PINHOLE,PH,A,5,qhd,True,matrix_repeat_20260812:00032.jpg,24.82299652061854,0.8982123136520386,0.10344509780406952
sts,PINHOLE,PH,A,5,qhd,True,matrix_repeat_20260812:00040.jpg,25.17963719909516,0.8620278835296631,0.04344989359378815
sts,PINHOLE,PH,A,5,qhd,True,matrix_repeat_20260812:00048.jpg,26.736959380948747,0.8235716223716736,0.055318936705589294
sts,PINHOLE,PH,A,5,qhd,True,matrix_repeat_20260812:00056.jpg,28.957307107058913,0.8982658386230469,0.08494517207145691
sts,PINHOLE,PH,A,5,qhd,True,matrix_repeat_20260812:00064.jpg,28.892504375123846,0.8777147531509399,0.15078696608543396
sts,PINHOLE,PH,A,5,qhd,True,matrix_repeat_20260812:00072.jpg,28.736686942964234,0.8557407259941101,0.16075736284255981
sts,PINHOLE,PH,A,5,qhd,True,matrix_repeat_20260812:00080.jpg,24.60745517202172,0.7094236612319946,0.07817091047763824
sts,PINHOLE,PH,A,5,qhd,True,matrix_repeat_20260812:00088.jpg,32.12492425702868,0.8951591849327087,0.1343822032213211
sts,PINHOLE,PH,A,5,qhd,True,matrix_repeat_20260812:00096.jpg,30.853934333891985,0.9284168481826782,0.035956427454948425
sts,PINHOLE,PH,A,5,qhd,True,matrix_repeat_20260812:00104.jpg,29.428514023216493,0.8973386287689209,0.046949949115514755
sts,PINHOLE,PH,A,5,qhd,True,matrix_repeat_20260812:00112.jpg,29.350614096597965,0.9070960879325867,0.13505926728248596
sts,PINHOLE,PH,A,5,qhd,True,matrix_repeat_20260812:00120.jpg,26.09461302539275,0.8540372252464294,0.22848547995090485
sts,PINHOLE,PH,A,5,qhd,True,matrix_repeat_20260812:00128.jpg,29.095107159930727,0.869492769241333,0.20425420999526978
sts,PINHOLE,PH,A,5,qhd,True,matrix_repeat_20260812:00136.jpg,23.04820511527989,0.8095778822898865,0.26263630390167236
sts,PINHOLE,PH,A,5,qhd,True,matrix_repeat_20260812:00144.jpg,12.991851373161223,0.31283339858055115,0.33077818155288696
sts,PINHOLE,PH,A,5,qhd,True,matrix_repeat_20260812:00154.jpg,16.6683863708229,0.6119714975357056,0.07921282202005386
sts,PINHOLE,PH,A,5,qhd,True,matrix_repeat_20260812:00162.jpg,19.971479038127033,0.7515108585357666,0.11635403335094452
sts,PINHOLE,PH,A,5,qhd,True,matrix_repeat_20260812:00170.jpg,25.34406706520025,0.8663637638092041,0.11613671481609344
sts,PINHOLE,PH,A,5,qhd,True,matrix_repeat_20260812:00178.jpg,30.51291379863542,0.9250820875167847,0.0854407399892807
sts,PINHOLE,PH,A,5,qhd,True,matrix_repeat_20260812:00186.jpg,30.191602292725932,0.915911853313446,0.10479208081960678
sts,PINHOLE,PH,A,5,qhd,True,matrix_repeat_20260812:00194.jpg,25.817489735437068,0.8211850523948669,0.210950568318367
sts,PINHOLE,PH,A,5,qhd,True,matrix_repeat_20260812:00202.jpg,29.26597424230937,0.8685664534568787,0.109552301466465
sts,PINHOLE,PH,A,5,qhd,True,matrix_repeat_20260812:00210.jpg,34.85680146997693,0.9318786859512329,0.15218298137187958
sts,PINHOLE,PH,A,5,qhd,True,matrix_repeat_20260812:00218.jpg,28.962133152880835,0.881288468837738,0.1252751350402832
sts,PINHOLE,PH,A,5,qhd,True,matrix_repeat_20260812:00226.jpg,31.26337003551827,0.8762145638465881,0.19776198267936707
sts,PINHOLE,PH,A,5,qhd,True,matrix_repeat_20260812:00234.jpg,24.73594523502088,0.7960262894630432,0.23938435316085815
sts,PINHOLE,PH,A,5,low,True,matrix_rest:00000.jpg,18.873869790524992,0.7301402688026428,0.2522437274456024
sts,PINHOLE,PH,A,5,low,True,matrix_rest:00008.jpg,22.05163851789618,0.8544264435768127,0.21526482701301575
sts,PINHOLE,PH,A,5,low,True,matrix_rest:00016.jpg,23.84993366987939,0.8924823999404907,0.16376078128814697
sts,PINHOLE,PH,A,5,low,True,matrix_rest:00024.jpg,23.878853114986494,0.895291268825531,0.17566940188407898
sts,PINHOLE,PH,A,5,low,True,matrix_rest:00032.jpg,18.27429317119303,0.840174674987793,0.10865256190299988
sts,PINHOLE,PH,A,5,low,True,matrix_rest:00040.jpg,26.736080831752407,0.9142068028450012,0.038646772503852844
sts,PINHOLE,PH,A,5,low,True,matrix_rest:00048.jpg,28.24636243027111,0.8988799452781677,0.04273129627108574
sts,PINHOLE,PH,A,5,low,True,matrix_rest:00056.jpg,29.125895419959345,0.9272736310958862,0.01780708134174347
sts,PINHOLE,PH,A,5,low,True,matrix_rest:00064.jpg,28.781599946838355,0.9005807042121887,0.13592472672462463
sts,PINHOLE,PH,A,5,low,True,matrix_rest:00072.jpg,28.279776114718334,0.8852842450141907,0.15278081595897675
sts,PINHOLE,PH,A,5,low,True,matrix_rest:00080.jpg,26.00435946486503,0.745040774345398,0.06261753290891647
sts,PINHOLE,PH,A,5,low,True,matrix_rest:00088.jpg,32.15507475063512,0.9067863821983337,0.11403124034404755
sts,PINHOLE,PH,A,5,low,True,matrix_rest:00096.jpg,32.33523206396785,0.9439924955368042,0.03006306290626526
sts,PINHOLE,PH,A,5,low,True,matrix_rest:00104.jpg,30.772035878770993,0.9279901385307312,0.03925972804427147
sts,PINHOLE,PH,A,5,low,True,matrix_rest:00112.jpg,30.505665258091838,0.9471698999404907,0.10124745965003967
sts,PINHOLE,PH,A,5,low,True,matrix_rest:00120.jpg,26.16561389775544,0.9069521427154541,0.16878299415111542
sts,PINHOLE,PH,A,5,low,True,matrix_rest:00128.jpg,29.14244565321045,0.9237169027328491,0.14574968814849854
sts,PINHOLE,PH,A,5,low,True,matrix_rest:00136.jpg,22.811881676443587,0.8461331725120544,0.19540664553642273
sts,PINHOLE,PH,A,5,low,True,matrix_rest:00144.jpg,12.015818395954527,0.19674642384052277,0.3347651958465576
sts,PINHOLE,PH,A,5,low,True,matrix_rest:00152.jpg,18.342060744805956,0.5235263109207153,0.16855105757713318
sts,PINHOLE,PH,A,5,low,True,matrix_rest:00160.jpg,21.825100690088615,0.8264946937561035,0.09653101116418839
sts,PINHOLE,PH,A,5,low,True,matrix_rest:00168.jpg,26.077377081657666,0.9096790552139282,0.07426008582115173
sts,PINHOLE,PH,A,5,low,True,matrix_rest:00176.jpg,32.48736817753871,0.9490224719047546,0.05756327882409096
sts,PINHOLE,PH,A,5,low,True,matrix_rest:00184.jpg,29.34625607981287,0.9410403370857239,0.06275580823421478
sts,PINHOLE,PH,A,5,low,True,matrix_rest:00192.jpg,28.624809141735867,0.9194732904434204,0.04233898967504501
sts,PINHOLE,PH,A,5,low,True,matrix_rest:00200.jpg,29.75302773842312,0.901343047618866,0.06542601436376572
sts,PINHOLE,PH,A,5,low,True,matrix_rest:00208.jpg,33.112030778213956,0.9208770990371704,0.12201018631458282
sts,PINHOLE,PH,A,5,low,True,matrix_rest:00216.jpg,29.538291218825158,0.8911077976226807,0.16214479506015778
sts,PINHOLE,PH,A,5,low,True,matrix_rest:00224.jpg,31.87340675850907,0.8978177309036255,0.16260367631912231
sts,PINHOLE,PH,A,5,low,True,matrix_rest:00232.jpg,26.804393125743808,0.7959173917770386,0.17348700761795044
sts,PINHOLE,PH,A,5,low,True,matrix_repeat_20260812:00000.jpg,19.688048316080398,0.6768225431442261,0.2626025080680847
sts,PINHOLE,PH,A,5,low,True,matrix_repeat_20260812:00008.jpg,20.87781245667887,0.8042221665382385,0.22088682651519775
sts,PINHOLE,PH,A,5,low,True,matrix_repeat_20260812:00016.jpg,24.09082853279898,0.8996365666389465,0.15929241478443146
sts,PINHOLE,PH,A,5,low,True,matrix_repeat_20260812:00024.jpg,23.2478826163792,0.8937535881996155,0.1767878532409668
sts,PINHOLE,PH,A,5,low,True,matrix_repeat_20260812:00032.jpg,25.552650316760975,0.941139280796051,0.0753105878829956
sts,PINHOLE,PH,A,5,low,True,matrix_repeat_20260812:00040.jpg,26.52108647257592,0.9147437810897827,0.04105067998170853
sts,PINHOLE,PH,A,5,low,True,matrix_repeat_20260812:00048.jpg,28.208061817643365,0.8987447023391724,0.04337811470031738
sts,PINHOLE,PH,A,5,low,True,matrix_repeat_20260812:00056.jpg,29.145664273352402,0.9288690686225891,0.018324974924325943
sts,PINHOLE,PH,A,5,low,True,matrix_repeat_20260812:00064.jpg,28.987983054940333,0.9005150198936462,0.13148841261863708
sts,PINHOLE,PH,A,5,low,True,matrix_repeat_20260812:00072.jpg,29.033366305708327,0.893834114074707,0.13734084367752075
sts,PINHOLE,PH,A,5,low,True,matrix_repeat_20260812:00080.jpg,25.435980988967167,0.7271431684494019,0.06504032015800476
sts,PINHOLE,PH,A,5,low,True,matrix_repeat_20260812:00088.jpg,31.960512822742814,0.9063774347305298,0.11192923784255981
sts,PINHOLE,PH,A,5,low,True,matrix_repeat_20260812:00096.jpg,32.32972384527939,0.9392733573913574,0.02931327372789383
sts,PINHOLE,PH,A,5,low,True,matrix_repeat_20260812:00104.jpg,30.717395103305588,0.9266483783721924,0.03989280387759209
sts,PINHOLE,PH,A,5,low,True,matrix_repeat_20260812:00112.jpg,30.16084765004978,0.9460518956184387,0.10955259203910828
sts,PINHOLE,PH,A,5,low,True,matrix_repeat_20260812:00120.jpg,30.45092712967046,0.9277603030204773,0.1501753181219101
sts,PINHOLE,PH,A,5,low,True,matrix_repeat_20260812:00128.jpg,28.77156898690729,0.9192362427711487,0.164445161819458
sts,PINHOLE,PH,A,5,low,True,matrix_repeat_20260812:00136.jpg,23.366309626305693,0.8504233956336975,0.19772827625274658
sts,PINHOLE,PH,A,5,low,True,matrix_repeat_20260812:00144.jpg,12.034497428961043,0.1604621857404709,0.35532909631729126
sts,PINHOLE,PH,A,5,low,True,matrix_repeat_20260812:00152.jpg,14.654241460611095,0.34543973207473755,0.1785803735256195
sts,PINHOLE,PH,A,5,low,True,matrix_repeat_20260812:00160.jpg,22.495494033499792,0.8220758438110352,0.09366008639335632
sts,PINHOLE,PH,A,5,low,True,matrix_repeat_20260812:00168.jpg,25.76219615852427,0.9114753007888794,0.07123836874961853
sts,PINHOLE,PH,A,5,low,True,matrix_repeat_20260812:00176.jpg,32.52707046876778,0.9494946599006653,0.05830783396959305
sts,PINHOLE,PH,A,5,low,True,matrix_repeat_20260812:00184.jpg,29.837465440955448,0.9439811706542969,0.054070524871349335
sts,PINHOLE,PH,A,5,low,True,matrix_repeat_20260812:00192.jpg,29.549530125887,0.9215191006660461,0.04152600094676018
sts,PINHOLE,PH,A,5,low,True,matrix_repeat_20260812:00200.jpg,30.099400837357642,0.8995774984359741,0.07183148711919785
sts,PINHOLE,PH,A,5,low,True,matrix_repeat_20260812:00208.jpg,32.73807887234133,0.9176744222640991,0.12699884176254272
sts,PINHOLE,PH,A,5,low,True,matrix_repeat_20260812:00216.jpg,29.180794919645546,0.8886552453041077,0.15561503171920776
sts,PINHOLE,PH,A,5,low,True,matrix_repeat_20260812:00224.jpg,31.759266131426067,0.8944290280342102,0.15809372067451477
sts,PINHOLE,PH,A,5,low,True,matrix_repeat_20260812:00232.jpg,27.277552934905426,0.7963765859603882,0.1744503676891327
